word,syllable_word,phonetic
antidisestablishmentarianism,an·ti·dis·es·tab·lish·men·ta·ri·an·ism,ˌæn·ˌtɪ·dɪs·ɪs·ˌtæb·lɪʃ·mən·ˈtɛər·i·ən·ɪzəm
entrepreneurship,entre·pre·neur·ship,ˌɑntrə·prə·ˈnɝː·ʃɪp
Simplicity,Sim·pli·ci·ty,sɪm·plɪ·sɪ·ti
simplicity,simp·pli·ci·ty,sɪm·plɪ·sɪ·ti
Diminish,Di·mi·nish,dɪ·ˈmɪ·nɪʃ
diminish,di·min·ish,dɪ·ˈmɪn·ɪʃ
None,None,nʌn
,, 
macrocosm,mac·ro·cosm,ˈmak·rə·ˌkäzəm
beautiful,beau·ti·ful,ˈbjuː·tɪ·fəl
megapolis,me·ga·po·lis,ˌmɛ·ɡə·ˈpɒ·lɪs
claque,claque,klæk
iterative,it·er·a·tive,ˈɪt·ə·ˌreɪ·tɪv
hello,he·llo,hə·ˈloʊ
Casual,Cas·ual,ˈkæʒ·uəl
casual,cas·u·al,ˈkæʒ·u·əl
balance,bal·ance,ˈbæl·əns
benevolence,be·nev·o·lence,ˌbɛ·nɪ·ˈvɒ·ləns
curious,cur·i·ous,ˈkjʊər·ɪ·əs
farewell,fare·well,ˈfɛr·ˌwɛl
bustling,bus·tling,ˈbʌs·lɪŋ
Multicultural,Mul·ti·cul·tur·al,ˌmʌl·ti·ˈkʌl·tʃər·əl
multicultural,mul·ti·cul·tur·al,ˌmʌl·ti·ˈkʌl·tʃər·əl
Kindergarten,Kin·der·gar·ten,ˈkɪn·dər·ˌɡɑr·tən
kindergarten,kin·der·gar·ten,ˈkɪn·dər·ˌɡɑr·tən
Cathedral,Ca·the·dral,ˌkæ·ˈiː·drəl
cathedral,ca·the·dral,kə·ˈθiː·drəl
conclude,con·clude,kən·ˈkluːd
congratulations,con·gra·tu·la·tions,ˌkɒŋ·ɡræt·ʃʊ·ˈleɪ·ʃənz
coastline,coast·line,koʊst·laɪn
butterfly,but·ter·fly,ˈbʌt·ər·flaɪ
simultaneously,sim·ul·ta·ne·ous·ly,sɪm·əl·ˈteɪ·ni·əs·li
linear,lin·ear,ˈlɪn·iər
Seduction,Se·duc·tion,sɪ·ˈdʌk·ʃən
seduction,se·duc·tion,sɪ·ˈdʌk·ʃən
revive,re·vive,rɪ·ˈvaɪv
Empathy,Em·pa·thy,ˈɛm·pə·θi
empathy,em·pa·thy,ˈɛm·pə·θi
transcends,trans·cends,træns·ˈsɛndz
culinary,cul·i·nary,ˈkʌl·ɪ·ˌnɛri
resilience,re·si·li·ence,rɪ·ˈzɪ·li·əns
Challenge,Chal·lenge,ˈtʃæl·ɪndʒ
challenge,chall·enge,ˈtʃæl·ɪndʒ
ponder,pon·der,ˈpɑn·dər
transcription,tran·scrip·tion,træn·ˈskrɪp·ʃən
serenity,se·ren·i·ty,sə·ˈrɛn·ɪ·ti
Mishap,Mis·hap,ˈmɪ·ʃæp
mishap,mis·hap,ˈmɪ·ʃæp
Rainbow,Rain·bow,ˈreɪn·boʊ
rainbow,rain·bow,ˈreɪn·ˌboʊ
Automation,Au·to·ma·tion,ˌɔː·tə·ˈmeɪ·ʃən
automation,au·to·ma·tion,ˌɔː·tə·ˈmeɪ·ʃən
voyage,voy·age,ˈvɔɪ·ɪdʒ
Coastline,Coast·line,ˈkoʊst·laɪn
fluent,flu·ent,fluː·ənt
tasty,tast·y,ˈteɪst·i
Out,Out,aʊt
of,of,əv
my,my,maɪ
league,league,liːɡ
out,out,aʊt
of,of,ʌv
my,my,maɪ
league,league,liːɡ
Delicious,De·li·cious,dɪ·ˈlɪ·ʃəs
delicious,de·li·cious,dɪ·ˈlɪ·ʃəs
Shoreline,Shore·line,ˈʃɔːr·laɪn
shoreline,shore·line,ˈʃɔːr·laɪn
Serenity,Se·re·ni·ty,sə·ˈrɛ·nɪ·ti
Vessel,Ves·sel,ˈves·əl
vessel,ves·sel,ˈvɛs·səl
sailor,sail·or,ˈseɪl·ər
achievement,a·chieve·ment,ə·ˈʧiːv·mənt
nest,nest,nɛst
Authenticity,Au·then·ti·ci·ty,ˌɔː·θen·ˈtɪs·ə·ti
authenticity,au·then·tic·i·ty,ˌɔː·θɛn·ˈtɪs·ə·ti
confidence,con·fi·dence,ˈkɑːn·fɪ·dəns
sin,sin,sɪn
RESPIRO,RES·PI·RO,rɛ·ˈspi·roʊ
respiro,res·pi·ro,res·ˈpi·ro
Journey,Jour·ney,ˈdʒɜr·ni
journey,jour·ney,ˈdʒɜːr·ni
squirrel,squir·rel,ˈskwɪr·əl
meetup,meet·up,ˈmiːt·ʌp
learned,learn·ed,ˈlɜr·nd
learned (as an adjective),learn·ed,ˈlɜrn·ɪd
learned (past tense of learn),learn·ed,ˈlɜrn·d
Beautiful,Beau·ti·ful,ˈbjuː·tɪ·fəl
Cuisine,Cui·sine,kwɪ·ˈzin
cuisine,cui·sine,kwɪ·ˈzin
apology,a·pol·o·gy,ə·ˈpɒl·ə·dʒi
Craft,Craft,kræft
craft,craft,kræft
Juicy,Ju·cy,ˈdʒuː·si
juicy,juic·y,ˈdʒuːs·i
entanglement,en·tangle·ment,ɛn·ˈtæŋɡl·mənt
Aroma,A·ro·ma,ə·ˈroʊ·mə
aroma,a·ro·ma,ə·ˈroʊ·mə
Culinary,Cul·i·nar·y,ˈkʌl·ɪ·nə·ri
Transformation,Trans·for·ma·tion,ˌtræns·fər·ˈmeɪ·ʃən
transformation,trans·for·ma·tion,ˌtræns·fər·ˈmeɪ·ʃən
fade,fade,feɪd
celebrate,cel·e·brate,ˈsɛl·ɪ·breɪt
Research,Re·search,ˈriː·sɜːtʃ
research,re·search,ˈriː·sɜːtʃ
printing,print·ing,ˈprɪnt·ɪŋ
crafted,craft·ed,ˈkræf·tɪd
distant,dis·tant,ˈdɪs·tənt
routine,rou·tine,ruː·ˈtiːn
Cute,Cute,kjuːt
cute,cute,kjuːt
Routine,Rou·tine,ruː·ˈtiːn
fast,fast,fæst
forget,for·get,fər·ˈɡɛt
Companionship,Com·pan·ion·ship,kəm·ˈpæn·jən·ˌʃɪp
companionship,com·pan·ion·ship,kəm·ˈpæn·jən·ˌʃɪp
gratitude,grat·i·tude,ˈɡræt·ɪ·tuːd
Tranquil,Tran·quil,ˈtræŋ·kwɪl
tranquil,tran·quil,ˈtræŋ·kwɪl
corn,corn,kɔrn
Repurpose,Re·pur·pose,ˌriː·ˈpɜːr·pəs
repurpose,re·pur·pose,ˌriː·ˈpɜːr·pəs
Revelation,Rev·e·la·tion,rev·ə·ˈleɪ·ʃən
revelation,rev·e·la·tion,ˌrɛv·ə·ˈleɪ·ʃən
Vibrant,Vi·brant,ˈvaɪ·brənt
vibrant,vi·brant,ˈvaɪ·brənt
phonetics,pho·ne·tics,fə·ˈnɛ·tɪks
mysterious,mys·te·ri·ous,ˌmɪs·ˈtɪr·i·əs
Multilingual,Mul·ti·lin·gual,ˌmʌl·ti·ˈlɪŋ·ɡwəl
multilingual,mul·ti·lin·gual,ˌmʌl·ti·ˈlɪŋ·ɡwəl
system,sys·tem,ˈsɪs·təm
Translation,Trans·la·tion,ˌtræns·ˈleɪ·ʃən
translation,trans·la·tion,ˌtræns·ˈleɪ·ʃn
resonance,res·o·nance,ˈrɛz·ə·nəns
Scenic,Sce·nic,ˈsiː·nɪk
scenic,sce·nic,ˈsiː·nɪk
close,close,kloʊs
amazing,a·maz·ing,ə·ˈmeɪz·ɪŋ
etymology,et·y·mol·o·gy,ˌɛt·ɪ·ˈmɒl·ə·dʒi
supplementing,sup·ple·ment·ing,ˌsʌp·lɪ·ˈmɛnt·ɪŋ
supplement,sup·ple·ment,ˈsʌp·lɪ·mənt
venue,ven·ue,ˈvɛn·juː
Innovate,In·no·vate,ˈɪn·ə·veɪt
innovate,in·no·vate,ˈɪn·ə·veɪt
Compensate,Com·pen·sate,ˈkɒm·pɛn·seɪt
compensate,com·pen·sate,ˈkɒm·pɛn·seɪt
horrendous,hor·ren·dous,hɒ·ˈrɛn·dəs
Mystery,Mys·ter·y,ˈmɪs·tər·i
mystery,mys·te·ry,ˈmɪs·tə·ri
Plantain,Plant·tain,ˈplæn·tɪn
plantain,plan·tain,ˈplæn·tɪn
flavorful,fla·vor·ful,ˈfleɪ·və·fʊl
abyss,a·byss,ə·ˈbɪs
abnegated,ab·ne·gat·ed,ˈæb·nɪ·ɡeɪt·ɪd
conservation,con·ser·va·tion,ˌkɑːn·sɚ·ˈveɪ·ʃən
allergic,al·ler·gic,əl·ˈlɜːr·dʒɪk
Transportation,Trans·por·ta·tion,ˌtræns·pɔːr·ˈteɪ·ʃən
transportation,trans·por·ta·tion,ˌtræns·pɔːr·ˈteɪ·ʃn
brave,brave,breɪv
graceful,grace·ful,ˈɡreɪs·fəl
tiny,ti·ny,ˈtaɪ·ni
kitesurfing,kite·surf·ing,kaɪt·sɜrf·ɪŋ
Inertia,In·er·tia,ɪ·ˈnɜr·ʃə
inertia,in·er·tia,ɪ·ˈnɜː·ʃə
intrinsic,in·trin·sic,ɪn·ˈtrɪn·sɪk
anxiety,anx·i·ety,æŋ·ˈzaɪ·əti
Dilemma,Di·lem·ma,dɪ·ˈlɛm·mə
dilemma,di·lem·ma,dɪ·ˈlɛm·mə
clarify,clar·i·fy,ˈklær·ə·faɪ
obligation,ob·li·ga·tion,ˌɒb·lɪ·ˈɡeɪ·ʃn
Thrill,Thrill,θrɪl
thrill,thrill,θrɪl
Awakening,A·wak·en·ing,ə·ˈweɪk·ən·ɪŋ
awakening,a·wak·en·ing,ə·ˈweɪk·(ə)n·ɪŋ
soar,soar,sɔːr
Soar,Soar,sɔːr
sniper,snipe·r,ˈsnaɪp·ər
Soaring,Soar·ing,ˈsɔːr·ɪŋ
soaring,soar·ing,ˈsɔːr·ɪŋ
Encounter,En·coun·ter,ɛn·ˈkaʊn·tər
encounter,en·coun·ter,ɪn·ˈkaʊn·tər
meditation,med·i·ta·tion,ˌmɛd·ɪ·ˈteɪ·ʃən
Embrace,Em·brace,ɛm·ˈbreɪs
embrace,em·brace,ɪm·ˈbreɪs
Botany,Bot·any,ˈbɒt·əni
botany,bot·a·ny,ˈbɑːt·ə·ni
crisp,crisp,krɪsp
Adenine,Ad·en·ine,ˈæd·ɪ·nɪn
adenine,ad·e·nine,ˈæd·ə·ˌnaɪn
graduation,grad·u·a·tion,ˌɡrædʒ·u·ˈeɪ·ʃən
Naked,Nay·ked,ˈneɪ·kɪd
naked,nay·ked,neɪ·kɪd
Rough,Rough,ˈrʌf
rough,rough,rʌf
Charm,Charm,ʧɑːm
charm,charm,tʃɑːrm
Effortless,Eff·ort·less,ˈɛf·ərt·ləs
effortless,ef·fort·less,ˈɛf·ərt·ləs
Maybe,May·be,ˈmeɪ·bi
maybe,may·be,ˈmeɪ·bi
compromise,com·pro·mise,ˈkɒm·prə·maɪz
consommé,con·som·mé,ˌkɒn·sə·ˈmeɪ
Immersive,Im·mer·sive,ɪ·ˈmɜːr·sɪv
immersive,im·mer·sive,ɪ·ˈmɜːr·sɪv
watercritic,wa·ter·cri·tic,ˈwɔː·tər·ˌkrɪ·tɪk
fantastic,fan·tas·tic,fæn·ˈtæs·tɪk
leverage,lev·er·age,ˈlɛv·ər·ɪdʒ
repeating,re·peat·ing,rɪ·ˈpiːt·ɪŋ
astonishing,as·ton·ish·ing,ə·ˈstɒn·ɪʃ·ɪŋ
exhausted,ex·haust·ed,ɪɡ·ˈzɔːst·ɪd
Perseverance,Per·se·ver·ance,ˌpɜːr·sɪ·ˈvɪər·əns
perseverance,per·se·ver·ance,ˌpɜːr·sɪ·ˈvɪər·əns
recipe,rec·i·pe,ˈrɛ·sə·pi
Noodles,Noo·dles,nuː·dəlz
noodles,noo·dles,nuː·dəlz
feast,feast,fiːst
Synchronization,Syn·chro·ni·za·tion,ˌsɪŋ·krə·naɪ·ˈzeɪ·ʃən
synchronization,syn·chro·ni·za·tion,ˌsɪŋ·krə·nɪ·ˈzeɪ·ʃən
Integrity,In·teg·ri·ty,ɪn·ˈtɛɡ·rə·ti
integrity,in·te·gri·ty,ˈɪn·tɪ·ɡrɪ·ti
serene,se·rene,sə·ˈriːn
Chilly,Chill·y,ˈtʃɪl·i
chilly,chil·ly,ˈtʃɪl·i
Majestic,Ma·jes·tic,mə·ˈdʒɛs·tɪk
majestic,ma·jes·tic,mə·ˈdʒɛs·tɪk
creature,crea·ture,ˈkriː·tʃər
jealousy,jeal·ou·sy,ˈdʒɛl·ə·si
friend,friend,frɛnd
Cooliny,Cool·iny,ˈkuːl·ɪni
cooliny,cool·i·ny,ˈkuːl·ɪ·ni
endeavor,en·de·vor,ɪn·ˈdɛ·vər
envy,en·vy,ˈɛn·vi
Cool,Cool,kuːl
cool,cool,kuːl
Gorgeous,Gor·geous,ˈɡɔːr·dʒəs
gorgeous,gor·geous,ˈɡɔːr·dʒəs
upgrade,up·grade,ˈʌp·ɡreɪd
Transliterated,Trans·lit·er·a·ted,ˌtræn·ˈslɪ·ə·ˌreɪ·tɪd
Overcome,O·ver·come,ˌoʊ·vər·ˈkʌm
overcome,o·ver·come,ˌoʊ·vər·ˈkʌm
Embarrassment,Em·bar·rass·ment,ɛm·ˈbær·əs·mənt
embarrassment,em·bar·rass·ment,ɪm·ˈbær·əs·mənt
Tame,Tame,teɪm
tame,tame,teɪm
groove,groove,ɡruːv
Optimize,Op·ti·mize,ˈɒp·tɪ·maɪz
optimize,op·ti·mize,ˈɒp·tɪ·maɪz
chestnut,chest·nut,ˈtʃɛst·nʌt
search,search,sɜːrtʃ
State,State,steɪt
state,state,steɪt
mastery,mas·te·ry,ˈmæs·tə·ri
art,art,ɑːt
tangential,tan·gen·tial,ˌtæn·ˈdʒɛn·ʃ(ə)l
amount,a·mount,ə·ˈmaʊnt
anonymity,an·o·nym·i·ty,ˌæn·ə·ˈnɪm·ɪ·ti
luminosity,lu·mi·nos·i·ty,ˌluː·mɪ·ˈnɒs·ɪ·ti
ordinary,or·di·nar·y,ˈɔːr·dɪ·ner·i
Wanderlust,Wan·der·lust,ˈwɒn·də·lʌst
wanderlust,wan·der·lust,ˈwɒn·də·ˌlʌst
Precision,Pre·ci·sion,prɪ·ˈsɪ·ʒən
precision,pre·ci·sion,prɪ·ˈsɪ·ʒən
handsome,hand·some,ˈhæn·səm
Serene,Se·rene,sə·ˈriːn
unique,u·nique,ju·ˈniːk
Tranquility,Tran·quil·i·ty,ˌtræŋ·ˈkwɪl·ɪ·ti
tranquility,tran·quil·i·ty,ˈtræŋk·wɪ·l·ɪti
Polarities,Po·lar·i·ties,ˌpoʊ·ˈlær·ɪ·tiz
polarities,po·lar·i·ties,ˌpoʊ·ˈlær·ɪ·tiz
Resilience,Re·si·li·ence,rɪ·ˈzɪ·li·əns
invigorating,in·vig·or·at·ing,ˌɪn·ˈvɪɡ·ə·ˌreɪt·ɪŋ
reverberations,rev·er·ber·a·tions,ˌrɛv·ər·bə·ˈreɪ·ʃənz
mechanism,mec·ha·nism,ˈmɛk·ə·nɪzəm
fierce,fierce,fɪərs
early,ear·ly,ˈɜːr·li
stretch,stretch,strɛtʃ
Meditation,Med·i·ta·tion,ˌmɛd·ɪ·ˈteɪ·ʃən
bark,bark,bɑrk
chill,chill,tʃɪl
drizzle,driz·zle,ˈdrɪz·zəl
virtuous,vir·tu·ous,ˈvɜr·tʃu·əs
lubricated,lu·bri·cat·ed,ˈluː·brɪ·keɪ·tɪd
Elegant,El·e·gant,ˈɛl·ɪ·ɡənt
elegant,el·e·gant,ˈɛl·ɪ·ɡənt
wow,wow,waʊ
inevitable,in·ev·it·a·ble,ɪ·ˌnɛv·ɪ·tə·bəl
drama,dra·ma,ˈdrɑː·mə
festival,fes·ti·val,ˈfɛs·tɪ·vəl
morning,morn·ing,ˈmɔːrn·ɪŋ
Udon,U·don,ˈuː·dɒn
udon,u·don,ˈuː·dɒn
Delicate,Del·i·cate,ˈdɛl·ɪ·kət
delicate,del·i·cate,ˈdɛl·ɪ·kət
manipulate,ma·nip·u·late,mə·ˈnɪp·ju·leɪt
posture,pos·ture,ˈpɑːs·tʃɚ
fearless,fear·less,ˈfɪər·ləs
embark,em·bark,ɛm·ˈbɑrk
Revitalize,Re·vi·ta·lize,ˌrɛ·vɪ·ˈtaɪ·zəl
revitalize,re·vi·tal·ize,ˌrɛ·vɪ·ˈtaɪ·z
Symposium,Sym·po·si·um,ˌsɪm·ˈpoʊ·zi·əm
symposium,sym·po·si·um,ˌsɪm·ˈpoʊ·zi·əm
Porridge,Por·ridge,ˈpɒr·ɪdʒ
porridge,porr·idge,ˈpɔr·ɪdʒ
Privacy,Pri·va·cy,ˈpraɪ·və·si
privacy,pri·va·cy,ˈpraɪ·və·si
endurance,en·dur·ance,ɛn·ˈdjʊər·əns
Transition,Tran·si·tion,træn·ˈzɪ·ʃən
transition,tran·si·tion,ˌtræn·ˈzɪ·ʃən
Gratitude,Grat·i·tude,ˈɡræt·ɪ·tjuːd
redness,red·ness,ˈrɛd·nəs
Integral,Int·te·gral,ˈɪn·tɪ·ɡrəl
integral,in·te·gral,ˈɪn·tɪ·ɡrəl
Intuition,In·tu·i·tion,ˌɪn·tu·ˈɪ·ʃən
intuition,in·tu·i·tion,ˌɪn·tjʊ·ˈɪ·ʃn
laboratory,lab·o·ra·tory,ˈlæb·rə·ˌtɔː·ri
luxurious,lux·u·ri·ous,lʌɡ·ˈʒʊə·ri·əs
Promotion,Pro·mo·tion,prə·ˈmoʊ·ʃən
promotion,pro·mo·tion,prə·ˈmoʊ·ʃn
aromatic,a·ro·mat·ic,ˌær·ə·ˈmæt·ɪk
Translated,Trans·lat·ed,ˈtræns·ˌleɪt·ɪd
Wow,Wow,waʊ
Stop,Stop,stɑp
stop,stop,stɑp
illusionary,il·lu·sion·ar·y,ɪl·lu·ʒən·ɛ·ri
Mirage,Mi·rage,ˈmɪ·ɑːʒ
mirage,mi·rage,mɪ·ˈrɑːʒ
small,small,smɔːl
feeder,feed·er,ˈfiːd·ər
narration,nar·ra·tion,ˌnæ·ˈreɪ·ʃən
Camouflage,Cam·ou·flage,ˈkæm·ə·ˌflɑːʒ
camouflage,camo·flage,ˈkæmə·ˌflɑʒ
neurophrenia,neu·o·phre·nia,ˌnjʊər·oʊ·ˈfriː·niə
reputation,rep·u·ta·tion,ˌrɛp·ju·ˈteɪ·ʃən
Cue,Cue,kjuː
cue,cue,kjuː
filter,filt·er,ˈfɪlt·ər
combination,com·bi·na·tion,ˌkɒm·bɪ·ˈnaɪ·ʃn
oishii,oi·shii,o͞o·ee·shee
sana,sa·na,ˈsɑː·nɑ
Exquisite,Ex·qui·site,ˈɛks·kwɪ·zɪt
exquisite,ex·qui·site,ˈɛks·kwɪ·zɪt
navigate,nav·i·gate,ˈnæv·ɪ·ɡeɪt
Traditional,Tra·di·tion·al,trə·ˈdɪ·ʃən·l
traditional,tra·di·tion·al,trə·ˈdɪ·ʃə·nəl
Quit,Quit,kwɪt
quit,quit,kwɪt
weird,weird,wɪrd
Voltage,Volt·age,ˈvoʊlt·ɪdʒ
voltage,volt·age,ˈvoʊlt·ɪdʒ
doggies,dog·gies,ˈdɔɡ·iz
Stress,Stress,strɛs
stress,stress,strɛs
prepare,pre·pare,prɪ·ˈpɛr
peaceful,peace·ful,ˈpiːs·fʊl
Relish,Rel·ish,ˈrɛl·ɪʃ
relish,rel·ish,ˈrɛl·ɪʃ
vocabulary,vo·cab·u·la·ry,ˌvoʊ·ˈkæb·jʊ·ˌlɛ·ri
invigorate,in·vigor·ate,ɪn·ˈvɪɡə·reɪt
Anxiety,Anx·i·e·ty,æŋ·ˈzaɪ·ə·ti
Exercise,Exer·cise,ˈeksər·ˌsīz
exercise,ex·er·cise,ˈɛks·ər·ˌsaɪz
lavish,lav·ish,ˈlæv·ɪʃ
leftover,left·over,ˈlɛft·ˌoʊvər
Crispy,Cris·py,ˈkrɪs·pi
crispy,crisp·y,ˈkrɪsp·i
Prepare,Pre·pare,prɪ·ˈpɛər
meticulous,me·tic·u·lous,mə·ˈtɪk·jə·ləs
Etiquette,Eti·quette,ˈɛtɪ·ˌkɛt
etiquette,et·i·quette,ˈɛt·ɪ·ˌkɛt
Frustration,Frus·tra·tion,ˌfrʌ·ˈstreɪ·ʃən
frustration,frus·tra·tion,frʌ·ˈstreɪ·ʃn
Recalculate,Re-·cal-·cu-·late,ˌriː·ˈkæl·kjʊ·leɪt
recalculate,re·cal·cu·late,ˌriː·ˈkæl·kjʊ·leɪt
Persist,Per·sist,pər·ˈsɪst
persist,per·sist,pər·ˈsɪst
Squad,Squad,skwɑd
squad,squad,skwɑd
Curiosity,Cu·ri·os·i·ty,ˌkjʊər·i·ˈɒs·ɪ·ti
curiosity,cu·ri·os·i·ty,ˌkjʊər·i·ˈɒs·ɪ·ti
anticipation,an·ti·ci·pa·tion,ˌæn·tɪ·sɪ·ˈpeɪ·ʃən
cosmos,cos·mos,ˈkɑz·məs
entropy,en·tro·py,ˈɛn·trə·pi
Ringing,Ring·ing,ˈrɪŋ·ɪŋ
ringing,ring·ing,ˈrɪŋ·ɪŋ
Dynamic,Dy·na·mic,daɪ·ˈnæ·mɪk
dynamic,dy·nam·ic,daɪ·næm·ɪk
exclusive,ex·clu·sive,ɪk·ˈskluː·sɪv
Enchanting,En·chant·ing,ɛn·ˈʧæn·tɪŋ
enchanting,en·chant·ing,ɛn·ˈtʃæn·tɪŋ
contemplate,con·tem·plate,ˈkɒn·təm·pleɪt
Imagination,Imag·i·na·tion,ˌɪmædʒ·ɪ·ˈneɪ·ʃən
imagination,i·ma·gi·na·tion,ˌɪ·mə·dʒɪ·ˈneɪ·ʃn
Etymology,Et·y·mol·o·gy,ˌɛt·ɪ·ˈmɒl·ə·dʒi
immersed,im·mersed,ɪ·ˈmɜrst
jealous,jeal·ous,ˈdʒɛl·əs
appreciating,ap·pre·ci·at·ing,ə·ˌpriː·ʃi·ˈeɪ·tɪŋ
fusion,fu·sion,ˈfjuː·ʒən
Curious,Cu·ri·ous,ˈkjʊə·ri·əs
Radiant,Ra·di·ant,ˈreɪ·di·ənt
radiant,ra·di·ant,ˈreɪ·di·ənt
terrible,ter·ri·ble,ˈter·rə·b(ə)l
consistency,con·sist·en·cy,kən·ˈsɪst·ən·si
immerse,im·merse,ɪm·ˈmɜːs
I,I,aɪ
Unity,U·ni·ty,ˈjuː·nɪ·ti
unity,u·ni·ty,ˈjuː·nɪ·ti
overcooked,o·ver·cooked,ˌoʊ·vər·ˈkʊkt
Struggle,Strug·gle,ˈstrʌɡ·əl
struggle,strug·gle,ˈstrʌɡ·əl
article,ar·ti·cle,ˈɑːr·tɪ·kl̩
Pleasant,Pleas·ant,ˈplɛz·ənt
pleasant,pleas·ant,ˈplɛz·ənt
Temporary,Temp·o·rary,ˈtɛmp·ə·ˌrɛri
temporary,tem·po·rary,ˈtɛm·pə·ˌrɛri
Cushion,Cush·ion,ˈkʊʃ·ən
cushion,cush·ion,ˈkʊʃ·ən
Awaken,A·wak·en,ə·ˈweɪk·ən
awaken,a·wak·en,ə·ˈweɪk·ən
multitude,mult·ti·tude,ˈmʌl·tɪ·ˌtjuːd
Whispers,Whis·pers,ˈwɪs·pərz
whispers,whis·pers,ˈwɪs·pərz
Astonishing,As·ton·ish·ing,ə·ˈstɒn·ɪʃ·ɪŋ
Zoning,Zon·ing,ˈzoʊn·ɪŋ
zoning,zon·ing,ˈzoʊn·ɪŋ
Ecosystems,Eco·systems,ˈiːkoʊ·ˌsɪstəmz
ecosystems,eco·sys·tems,ˈiːkoʊ·ˌsɪs·təmz
battle,bat·tle,ˈbæt·l̩
Chronically,Chron·i·cally,ˈkrɑːn·ɪ·klɪ
chronically,chron·ic·al,ˈkrɑːn·ɪk·li
Unveiling,Un·veil·ing,ən·veɪl·ɪŋ
unveiling,un·veil·ing,ˌən·ˈveɪl·ɪŋ
dirty,dirt·y,ˈdɜrt·i
Legacy,Leg·a·cy,ˈlɛɡ·ə·si
legacy,leg·a·cy,ˈlɛɡ·ə·si
Induction,In·duc·tion,ɪn·ˈdʌk·ʃən
induction,in·duc·tion,ɪn·ˈdʌk·ʃən
Sustain,Sus·tain,sə·ˈsteɪn
sustain,sus·tain,sə·ˈsteɪn
Adorable,A·dor·a·ble,ə·ˈdɔːr·ə·bl
adorable,a·dor·a·ble,ə·ˈdɔːr·ə·bl
lazy,la·zy,ˈleɪ·zi
unveil,un·veil,ʌn·veɪl
Cuteness,Cute·ness,ˈkjuːt·nəs
cuteness,cute·ness,ˈkjuːt·nəs
Vegetarian,Veg·e·tar·i·an,ˌvɛdʒ·ɪ·ˈtɛər·i·ən
vegetarian,veg·e·tar·i·an,ˌvɛdʒ·ə·ˈtɛr·i·ən
anvil,an·vil,ˈæn·vɪl
Conflict,Con·flict,ˈkɒn·flɪkt
conflict,con·flict,ˈkɒn·flɪkt
raw,raw,rɔː
Insomnia,In·som·ni·a,ɪn·ˈsɒm·ni·ə
insomnia,in·som·ni·a,ˌɪn·ˈsɒm·ni·ə
Tolerance,Tol·er·ance,ˈtɒl·ər·əns
tolerance,tol·er·ance,ˈtɒl·ər·əns
eliminate,e·lim·i·nate,ɪ·ˈlɪm·ɪ·neɪt
Freedom,Free·dom,friː·dəm
freedom,free·dom,ˈfriː·dəm
Iterative,It·er·a·tive,ˈɪt·ər·ə·tɪv
essence,ess·ence,ˈes·əns
Essence,Es·sence,ˈɛs·əns
algorithm,al·go·rith·um,ˈæl·ɡə·ˌrɪð·əm
Conundrum,Co·nun·drum,kə·ˈnʌn·drəm
conundrum,co·nun·drum,kə·ˈnən·drəm
inclusivity,in·clu·siv·i·ty,ˌɪn·klʊ·ˈsɪv·ɪ·ti
extraordinary,ex·tra·or·di·nary,ɪk·ˈstrɔːr·də·ner·i
exhausting,ex·haust·ing,ɪɡ·ˈzɔːst·ɪŋ
Priority,Pri·or·i·ty,praɪ·ˈɒr·ə·ti
priority,pri·or·i·ty,praɪ·ˈɒr·ə·ti
Stars,Stars,stɑːrz
stars,stars,stɑːrz
Apology,A·pol·o·gy,ə·ˈpɒl·ə·dʒi
Ghost,Gh·o·st,ɡ·oʊ·st
ghost,ghost,ɡoʊst
Hello,He·llo,hə·ˈloʊ
Hairstyle,Hair·style,ˈhɛər·staɪl
hairstyle,hair·style,ˈhɛər·ˌstaɪl
affirmation,af·fir·ma·tion,ˌæf·ər·ˈmeɪ·ʃən
perspective,per·spec·tive,pər·ˈspek·tɪv
Alright,Al-·right,ɔːl·ˈraɪt
alright,al·right,ɔːl·ˈraɪt
dinner,din·ner,dɪn·ər
Embark,Em·bark,ɛm·ˈbɑrk
good,good,ɡʊd
Phobia,Pho·bi·a,ˈfoʊ·bi·ə
phobia,pho·bi·a,ˈfoʊ·bi·ə
club,club,klʌb
Tradition,Tra·di·tion,trə·ˈdɪ·ʃən
tradition,tra·di·tion,trə·ˈdɪ·ʃən
languages,lan·gua·ges,ˈlæŋ·ɡwɪ·dʒɪz
Communication,Com·mu·ni·ca·tion,kə·ˌmjuː·nɪ·ˈkeɪ·ʃn
communication,com·mu·ni·ca·tion,kə·ˌmjun·ɪ·ˈkeɪ·ʃn
adventure,ad·ven·ture,əd·ˈvɛn·tʃər
Formally,Form·al·ly,ˈfɔːr·mə·li
formally,for·mal·ly,ˈfɔː·məl·i
walnut,wal·nut,ˈwɔːl·nʌt
reminiscence,rem·i·nis·cence,ˌrɛm·ɪ·ˈnɪs·sns
Entrance,En·trance,ˈɛn·trəns
entrance,en·trance,ˈɛn·trəns
redeem,re·deem,rɪ·ˈdiːm
sweet,sweet,swiːt
Awe-inspiring,Awe-·in·spir·ing,ˈɔː-·ɪn·ˈspaɪər·ɪŋ
awe-inspiring,awe·-·in·spir·ing,ˈɔː·-·ɪn·ˈspaɪər·ɪŋ
Discover,Dis·cover,dɪ·ˈskʌvər
discover,dis·co·ver,dɪ·ˈskʌ·vər
staging,stag·ing,ˈsteɪdʒ·ɪŋ
tantalizes,tan·ta·lizes,ˈtæn·tə·laɪzɪz
Unleashing,Un·leash·ing,ˌʌn·ˈliːʃ·ɪŋ
unleashing,un·leash·ing,ˌən·ˈliːʃ·ɪŋ
Persistence,Per·sis·tence,pər·ˈsɪs·təns
persistence,per·sis·tence,pər·ˈsɪs·təns
Treasure,Trea·sure,ˈtrɛ·ʒər
treasure,trea·sure,ˈtrɛ·ʒər
explore,ex·plore,ɪk·ˈsplɔːr
aggressive,ag·gres·sive,ə·ˈɡrɛs·ɪv
abundant,a·bun·dant,ə·ˈbʌn·dənt
Fluent,Flu·ent,flu·ənt
ramen,ra·men,ˈrɑː·mən
Hesitation,Hes·i·ta·tion,ˌhɛz·ɪ·ˈteɪ·ʃən
hesitation,hes·i·ta·tion,ˌhɛz·ɪ·ˈteɪ·ʃən
attire,at·tire,ə·ˈtaɪər
shoot,shoot,ʃuːt
Rapport,Rap·port,ræ·ˈpɔːr
rapport,rap·port,ræ·ˈpɔːr
goodbye,good·bye,ɡʊd·baɪ
tall,tall,tɔːl
supernatural,su·per·nat·ur·al,suː·pə·nætʃ·ər·əl
camaraderie,ca·ma·ra·de·rie,ˌkæ·mə·ˈrɑː·də·ri
modify,mod·i·fy,ˈmɒd·ɪ·faɪ
nutritious,nu·tri·tious,njuː·ˈtrɪ·ʃəs
soulmate,soul·mate,soʊl·meɪt
quaint,quaint,kweɪnt
overflowing,o·ver·flow·ing,ˌoʊ·vɚ·ˈfloʊ·ɪŋ
launch,launch,lɔːntʃ
primitive,prim·i·tive,ˈprɪm·ɪ·tɪv
courage,cour·age,ˈkɜr·ɪdʒ
Thickening,Thick·en·ing,ˈθɪk·ən·ɪŋ
thickening,thick·en·ing,ˈθɪk·ən·ɪŋ
solitude,sol·i·tude,ˈsɒl·ɪ·tjuːd
fight,fight,faɪt
Hydration,Hy·dra·tion,ˌhaɪ·ˈdreɪ·ʃn
hydration,hy·dra·tion,ˌhaɪ·ˈdreɪ·ʃən
reunion,re·un·ion,ri·ˈjun·jən
Erosion,E·ro·sion,ɪ·ˈroʊ·ʒən
erosion,e·ro·sion,ɪ·ˈroʊ·ʒən
duality,du·a·li·ty,duː·ˈæ·lɪ·ti
Bean,Bean,biːn
Sprouts,Sprou·ts,spraʊ·ts
bean,bean,biːn
sprouts,sprouts,spraʊts
Bean,Bean,biːn
sprouts,sprouts,spraʊts
bean,bean,biːn
sprouts,sprouts,spraʊts
deep,deep,diːp
story,sto·ry,ˈstɔː·ri
Cobblestone,Cob·ble·stone,ˈkɑːb·bəl·stoʊn
cobblestone,cob·ble·stone,ˈkɒb·əl·stoʊn
Cover,Cov·er,ˈkʌv·ər
cover,cov·er,ˈkʌv·ər
improvement,im·prove·ment,ɪm·ˈpruːv·mənt
bond,bond,bɒnd
Husky,Husk·y,ˈhʌsk·i
husky,hus·ky,ˈhʌs·ki
Shepherd,Shep·herd,ˈʃɛp·ərd
shepherd,shep·herd,ˈʃɛp·ərd
pavement,pave·ment,ˈpeɪv·mənt
Force,Force,fɔːrs
force,force,fɔːrs
paradise,par·a·dise,ˈpær·ə·daɪs
vulgar,vul·gar,ˈvʌl·ɡər
Discrimination,Dis·crim·i·na·tion,dɪ·ˌskrɪm·ɪ·ˈneɪ·ʃən
discrimination,dis·cri·mi·na·tion,ˌdɪs·krɪ·mə·ˈneɪ·ʃən
acknowledgment,ac·know·ledge·ment,ək·ˈnɒl·ɪdʒ·mənt
Damn,Damn,dæm
damn,damn,dæm
demolition,de·mo·li·tion,ˌdɛ·mə·ˈlɪ·ʃən
Quest,Quest,kwɛst
quest,quest,kwɛst
similarities,sim·i·lar·i·ties,ˌsɪm·ə·ˈlær·ə·tiz
intoxicated,in·tox·i·cat·ed,ɪn·ˈtɑks·ɪ·ˌkeɪt·ɪd
nutrition,nu·tri·tion,nju·ˈtrɪ·ʃən
Asparagus,As·par·a·gus,ə·ˈspær·ə·ɡəs
asparagus,as·pa·ra·gus,ə·ˈspæ·rə·ɡəs
atmosphere,at·mos·phere,ˈæt·məs·ˌsfɪr
Beep,Beep,biːp
beep,beep,biːp
zoanthropy,zo·an·thro·py,zoʊ·ˈæn·θrə·pi
Mysteries,Mys·te·ries,ˈmɪs·tə·riz
mysteries,mys·ter·ies,ˈmɪs·tər·iz
compartment,com·part·ment,ˌkɒm·pɑːrt·ˈmɛnt
microbe,mi·crobe,ˈmaɪ·kroʊb
Exotic,Ex·ot·ic,ɪɡ·ˈzɒ·tɪk
exotic,ex·ot·ic,ɪɡ·ˈzɑ·tɪk
tarragon,tar·ra·gon,ˈtær·ə·ɡɑn
Innovative,In·no·va·tive,ˈɪn·ə·veɪ·tɪv
innovative,in·no·va·tive,ˈɪn·ə·veɪ·tɪv
coriander,cor·i·an·der,ˌkɔːr·i·ˈæn·dər
gourmet,gour·met,ˈɡɔːr·meɪ
basket,bas·ket,ˈbæs·kɪt
Exaggerated,Ex·ag·ger·at·ed,ɪɡ·ˈzædʒ·ə·ˌreɪ·tɪd
exaggerated,ex-·ag-·ger-·at-·ed,ɪɡ-·ˈzædʒ-·ər-·eɪ-·tɪd
Veto,Ve·to,ˈviː·təʊ
veto,ve·to,ˈvē·toʊ
progress,pro·gress,ˈprəʊ·ɡres
friendship,friend·ship,ˈfrɛnd·ʃɪp
sustainability,sus·tain·a·bil·i·ty,ˌsə·stəɪ·nə·ˈbɪl·ɪ·ti
excitement,ex·cite·ment,ɪk·ˈsaɪt·mənt
grab,grab,ɡræb
Adventure,Ad·ven·ture,əd·ˈvɛn·tʃər
naval,na·val,ˈneɪ·vəl
windy,wind·y,ˈwɪnd·i
whimsical,whim·si·cal,ˈwɪm·zɪ·kəl
breakfast,break·fast,ˈbrɛk·fəst
venuble,ven·u·ble,ˈvɛn·jʊ·bl
venerable,ven·er·a·ble,ˈven·ər·ə·bl
overabundant,o·ver·a·bun·dant,ˌoʊ·vər·ə·ˈbʌn·dənt
Help,Help,hɛlp
help,help,hɛlp
Coriander,Co·ri·an·der,ˌkɔː·ri·ˈæn·dər
recommended,rec·o·mend·ed,ˌrɛk·ə·ˈmɛnd·ɪd
Entrepreneurship,En·tre·pre·neur·ship,ˌɒn·trə·prə·ˈnɜː·ʃɪp
responsibility,re·spon·si·bil·i·ty,rɪ·ˌspɒn·sɪ·ˈbɪl·ɪ·ti
Arrival,Ar·ri·val,ə·ˈraɪ·vəl
arrival,ar·riv·al,ə·ˈraɪv·əl
imperfect,im·per·fect,ˌɪm·ˈpɜr·fɪkt
Imperfection,Im·per·fec·tion,ˌɪm·pər·ˈfɛk·ʃən
imperfection,im·per·fec·tion,ɪm·pəˈr·fɛk·ʃən
escape,es·cape,ɪ·ˈskeɪp
relative,rel·a·tive,ˈrɛl·ə·tɪv
Mediocre,Me·di·o·cre,ˌmiː·di·ˈoʊ·kər
mediocre,me·di·o·cre,ˌmiː·di·ˈoʊ·kər
explosive,ex·plo·sive,ɪkˈs·ploʊ·sɪv
Nice,Nice,naɪs
nice,nice,naɪs
bandana,ban·da·na,bæn·ˈdæ·nə
genius,gen·ius,ˈdʒiː·niəs
horror,hor·ror,ˈhɒr·ər
repetition,rep·i·ti·tion,ˌrɛp·ɪ·ˈtɪ·ʃən
Painful,Pain·ful,peɪn·fəl
painful,pain·ful,ˈpeɪn·fəl
innovation,in·no·va·tion,ˌɪn·ə·ˈveɪ·ʃən
Rapidity,Ra·pid·i·ty,rə·ˈpɪd·ɪ·ti
rapidity,ra·pid·i·ty,rə·ˈpɪd·ə·ti
encourage,en·cour·age,ɪn·ˈkʌr·ɪdʒ
interesting,in·ter·est,ˈɪn·trə·stɪŋ
Ingredients,In·gre·di·ents,ˌɪn·ˈɡriː·di·ənts
ingredients,in-·gre-·di-·ents,ɪn·ˈɡriː·di·ənts
skyscraper,sky·scrap·er,skaɪ·skreɪp·ər
Gourmet,Gour·met,ɡʊər·ˈmeɪ
baseline,base·line,ˈbeɪs·ˌlaɪn
chord,chord,kɔːrd
strumming,strum·ming,strʌm·mɪŋ
method,meth·od,ˈmɛθ·əd
Governance,Gov·er·nance,ˈɡʌv·ər·nəns
governance,gov·er·nance,ˈɡʌv·ər·nəns
useless,use·less,juːs·ləs
trick,trick,trɪk
Everything,Ev·ry·thing,ˈɛv·rɪ·ˌθɪŋ
everything,ev·ry·thing,ˈɛv·rɪ·ˌθɪŋ
solidify,sol·i·fy,ˌsɒl·ɪ·ˈdaɪfi
Brevity,Brev·ity,ˈbrɛv·ɪti
brevity,brev·i·ty,ˈbrɛv·ə·ti
melody,mel·o·dy,ˈmɛl·ə·di
Rhythm,Rhythm,ˈrɪðəm
rhythm,rhy·thm,ˈrɪ·ðəm
present,pres·ent,ˈprɛz·ənt
Greeting,Greet·ing,ɡriːt·ɪŋ
greeting,greet·ing,ˈɡriːt·ɪŋ
Biodiversity,Bio-·di-·ver-·si-·ty,ˌbaɪoʊ·ˌdaɪ·ˈvɜːr·sɪ·ti
biodiversity,bi·o·di·ver·si·ty,ˌbaɪoʊ··daɪ·ˈvɜr·sɪ·ti
receptor,re·cep·tor,rɪ·ˈsɛp·tər
procrastination,pro·cras·ti·na·tion,prə·ˌkræs·tɪ·ˈneɪ·ʃn
Nutritious,Nu·tri·tious,njuː·ˈtrɪ·ʃəs
Delicacy,Del·i·ca·cy,ˈdɛl·ɪ·kə·si
delicacy,del·i·ca·cy,ˈdɛl·ɪ·kə·si
significant,sig·nif·i·cant,sɪɡ·nɪf·ɪ·kənt
Potato,Po·ta·to,pə·ˈteɪ·toʊ
noodles,noo·dles,ˈnuː·dlz
potato,po·ta·to,pə·ˈteɪ·toʊ
noodles,nood·les,ˈnuːd·əlz
Improvement,Im·prove·ment,ɪm·ˈpruːv·mənt
Narcissism,Nar·cis·sism,ˈnɑr·sɪ·ˌsɪzəm
narcissism,nar·cis·sism,ˈnɑːr·sɪs·ɪzəm
vegetable,veg·e·table,ˈvɛdʒ·tə·bl
Charming,Charm·ing,ˈʧɑːrm·ɪŋ
charming,charm·ing,ˈtʃɑːrm·ɪŋ
Communicate,Com·mu·ni·cate,kə·ˈmjuː·nɪ·keɪt
communicate,com·mu·ni·cate,kə·ˈmjuː·nɪ·keɪt
inhale,in·hale,ɪn·ˈheɪl
Progress,Pro·gress,ˈproʊ·ɡrɛs
consequence,con·se·quence,ˈkɒn·sɪ·kwəns
Ran,Ran,ræn
ran,ran,ræn
Canine,Can·ine,ˈkeɪ·ˌnaɪn
canine,ca·nine,ˈkeɪ·naɪn
eye,eye,aɪ
contact,con·tact,ˈkɒn·tækt
fascination,fas·ci·na·tion,ˌfæs·ə·ˈneɪ·ʃən
liberation,lib·er·a·tion,ˌlɪb·ə·ˈreɪ·ʃn
savoring,sav·or·ing,ˈseɪ·vər·ɪŋ
Astrophysics,As·tro·phy·sics,ˌæs·troʊ·ˈfɪz·ɪks
astrophysics,as·tro·phy·sics,æs·trə·fɪz·ɪks
Dork,Dork,dɔːrk
dork,dork,dɔːrk
accused,ac·cused,ə·ˈkjuːzd
noble,no·ble,'noʊ·bl̩
Restrictions,Re·stric·tions,rɪ·ˈstrɪk·ʃənz
restrictions,re·stric·tions,rɪ·ˈstrɪk·ʃənz
Innovation,In·no·va·tion,ˌɪn·ə·ˈveɪ·ʃən
agile,ag·ile,ˈædʒ·aɪl
marathon,mar·a·thon,ˈmær·ə·θɒn
Strawberry,Straw·berry,ˈstrɔː·ˌbɛri
strawberry,straw·ber·ry,ˈstrɔː·b(ə)·ri
tomato,to·ma·to,tə·ˈmeɪ·toʊ
ritual,ri·tu·al,ˈrɪ·tʃu·əl
idioms,id·i·oms,ˈɪd·i·əmz
happiness,hap·pi·ness,ˈhæp·i·nəs
misconception,mis·con·cep·tion,ˌmɪs·kən·ˈsɛp·ʃən
conditional,con·di·tion·al,kən·ˈdɪ·ʃən·əl
Severity,Se·ver·i·ty,sə·ˈvɛr·ɪ·ti
severity,se·ver·i·ty,sə·ˈvɛr·ɪ·ti
Posture,Pos·ture,ˈpɑːs·tʃər
appetite,ap·pe·tite,ˈæp·ɪ·taɪt
unearth,un·earth,ʌn·ɜrθ
Symptoms,Symp·toms,ˈsɪmp·təmz
symptoms,symp·toms,ˈsɪmp·təmz
Aspire,As·pire,ə·ˈspaɪər
aspire,as·pire,ə·ˈspaɪər
parcel,par·cel,ˈpɑːr·səl
Plums,Plums,plʌmz
plums,plums,plʌmz
mat,mat,mæt
Harvest,Har·vest,ˈhɑː·vɪst
harvest,harv·est,ˈhɑːrv·ɪst
culture,cul·ture,ˈkʌl·tʃər
Perfection,Per·fec·tion,pər·ˈfɛk·ʃən
perfection,per·fec·tion,pər·ˈfɛk·ʃən
spicy,spi·cy,ˈspaɪ·si
symptom,symp·tom,ˈsɪmp·təm
elevated,el·e·vat·ed,ˈɛl·ɪ·ˌveɪt·ɪd
Symptom,Symp·tom,ˈsɪmp·təm
Shielding,Shield·ing,ˈʃiːld·ɪŋ
shielding,shield·ing,ˈʃiːld·ɪŋ
Observation,Ob·ser·va·tion,ˌɑb·zər·ˈveɪ·ʃən
observation,ob·ser·va·tion,ˌɒb·zər·ˈveɪ·ʃən
lunar,lu·nar,ˈluː·nɑːr
vulnerable,vul·ner·a·ble,ˈvʌl·nər·ə·b(ə)l
Compulsion,Com·pul·sion,kəm·ˈpʌl·ʃən
compulsion,com·pul·sion,kəm·ˈpʌl·ʃən
Immune,Im·mune,ɪ·ˈmjuːn
immune,im·mune,ɪ·ˈmjuːn
recurred,re·curred,rɪ·ˈkɜrd
Laughter,Laugh·ter,ˈlæf·tər
laughter,laugh·ter,ˈlæf·tər
pear,pear,pɪər
deteriorate,de·ter·o·rate,dɪ·ˈtɪri·ə·ˌreɪt
preparing,pre·par·ing,prɪ·ˈpɛər·ɪŋ
revolutionize,rev·o·lu·tion·ize,ˌrɛv·ə·ˈlu·ʃ(ə)n·ˌaɪz
recover,re·cov·er,rɪ·ˈkʌv·ər
recovering,re-·cov-·er-·ing,ˌri-·ˈkʌv-·ər·ɪŋ
Exploring,Ex·plor·ing,ɪk·ˈsplɔːr·ɪŋ
exploring,ex·plor·ing,ɪk·ˈsplɔːr·ɪŋ
recovery,re·cov·er·y,rɪ·ˈkʌv·ər·i
solo,so·lo,ˈsoʊ·loʊ
Recovery,Re·cov·er·y,rɪ·ˈkʌv·ər·i
Dose,Dose,doʊs
dose,dose,doʊz
joy,joy,dʒɔɪ
influence,in·flu·ence,ˈɪn·flu·əns
influences,in·flu·en·ces,ˈɪn·flu·ən·sɪz
Eatable,Ea·ta·ble,ˈiː·tə·bl
eatable,eat·able,ˈiːt·əbl
Aesthetics,Es·thet·ics,ɛs·ˈθɛt·ɪks
aesthetics,aes·thet·ics,ɛs·ˈθɛt·ɪks
variation,var·i·a·tion,ˌvɛər·i·ˈeɪ·ʃən
Avocado,Av·o·ca·do,ˌæv·ə·ˈkɑː·doʊ
avocado,av·o·ca·do,ˌæv·ə·ˈkɑː·doʊ
Lounge,Lounge,laʊndʒ
lounge,lounge,laʊndʒ
Mystical,Mys·ti·cal,ˈmɪs·tɪ·kəl
mystical,mys·ti·cal,ˈmɪs·tɪ·kl
energetic,en·er·get·ic,ˌɛn·ər·ˈdʒɛt·ɪk
Preparation,Prep·a·ra·tion,ˌprɛp·ə·ˈreɪ·ʃən
preparation,prep·a·ra·tion,ˌprɛp·ə·ˈreɪ·ʃən
Okay,o·kay,oʊ·ˈkeɪ
okay,o·kay,oʊ·ˈkeɪ
sumptuous,sump·tu·ous,ˈsʌmp·tʃu·əs
Rhythmic,Rhyth·mic,ˈrɪð·mɪk
rhythmic,rhyth·mic,ˈrɪð·mɪk
Narrative,Nar·ra·tive,ˈnær·ə·tɪv
narrative,nar·ra·tive,ˈnær·ə·tɪv
Voyage,Voy·age,ˈvɔɪ·ɪdʒ
Delightful,De·light·ful,dɪ·ˈlaɪt·fʊl
delightful,de·light·ful,dɪ·ˈlaɪt·fəl
Labyrinth,Laby·rinth,ˈlæb·rɪnθ
labyrinth,lab·y·rinth,ˈlæb·ɪ·rɪnθ
Pineapple,Pine·-·apple,ˈpaɪ·ˌ·næpəl
pineapple,pine·apple,ˈpaɪ·ˌnæpəl
Dumpling,Dum·pling,ˈdʌm·plɪŋ
dumpling,dump·ling,ˈdʌmp·lɪŋ
passion,pass·ion,ˈpæʃ·ən
Alphabet,Al·pha·bet,ˈæl·fə·ˌbɛt
alphabet,al·pha·bet,ˈæl·fə·bɛt
Luxury,Lux·ury,ˈlʌk·ʃəri
luxury,lux·ury,ˈlʌkʃ·əri
Luxurious,Lux·ur·ious,lʌɡ·ˈʒʊər·iəs
intriguing,in·tri·guing,ˌɪn·ˈtri·ɡɪŋ
beef,beef,biːf
Belonging,Be·long·ing,bɪ·ˈlɒŋ·ɪŋ
belonging,be·long·ing,bɪ·ˈlɒŋ·ɪŋ
Sentence,Sen·tence,ˈsɛn·təns
sentence,sen·tence,ˈsɛn·təns
top-notch,top·-·notch,ˈtɑp·ˌ·nɑtʃ
Egg,Egg,ɛɡ
egg,egg,ɛɡ
Chronicles,Chron·i·cles,ˈkrɒn·ɪ·kəlz
chronicles,chron·i·cles,'krɑn·ɪ·klz
practice,prac·tice,ˈpræk·tɪs
savory,sav·or·y,ˈseɪ·vər·i
inspired,in·spired,ɪn·ˈspaɪərd
Anticipation,An·ti·ci·pa·tion,ˌæn·tɪ·sɪ·ˈpeɪ·ʃən
Persuasion,Per·suasion,pər·ˈsweɪʒən
persuasion,per·swa·sion,pər·ˈsweɪ·ʒən
species,spe-·cies,ˈspiː·ʃiːz
Tamago,Ta·ma·go,tə·ˈmɑː·ɡoʊ
tamago,ta·ma·go,tɑː·mɑː·ɡoʊ
Gastronomy,Gas·tro·no·my,ˌɡæs·ˈtrɒ·nə·mi
gastronomy,gas·tro·no·my,ˌɡæs·ˈtrɑː·nə·mi
Bittersweet,Bit·ter·sweet,ˈbɪt·ər·swiːt
bittersweet,bit·ter·sweet,ˈbɪt·ər·ˌswiːt
Heartwarming,Heart·warming,ˈhɑːrt·ˌwɔːrmɪŋ
heartwarming,heart·warm·ing,ˈhɑːrt·ˌwɔːrm·ɪŋ
Pose,Pose,poʊz
pose,pose,poʊz
Misadventure,Mis·ad·ven·ture,ˌmɪs·æd·ˈvɛn·tʃər
misadventure,mis·ad·ven·ture,ˌmɪs·əd·ˈvɛn·tʃər
experience,ex·pe·ri·ence,ɪk·ˈspɪ·ri·əns
delight,de·light,dɪ·ˈlaɪt
Hotel,Ho·tel,hoʊ·ˈtɛl
hotel,ho·tel,hoʊ·ˈtɛl
Reunion,Re·u·ni·on,riː·ˈjuː·ni·ən
Growth,Growth,ɡroʊθ
growth,growth,ɡroʊθ
Cherished,Cher·ished,ˈʧɛr·ɪʃt
cherished,cher·ished,ˈCHer·iSHt
turmeric,tur·mer·ic,ˈtɜː·mɪr·ɪk
window,win·dow,ˈwɪn·doʊ
Portal,Por·tal,ˈpɔːr·təl
portal,por·tal,ˈpɔːr·təl
Query,Que·ry,'kwɪ·əri
Showcase,Show·case,ˈʃoʊ·keɪs
showcase,show·case,ˈʃoʊ·keɪs
Indulgence,In·dul·gence,ɪn·ˈdʌl·dʒəns
indulgence,in·dul·gence,ɪn·ˈdʌl·dʒəns
Departure,De·par·ture,dɪ·ˈpɑːr·tʃər
departure,de·par·ture,dɪ·ˈpɑːr·tʃər
giant,gi·ant,ˈdʒaɪ·ənt
Fascinating,Fas·ci·na·ting,ˈfæs·sɪ·ˌneɪ·tɪŋ
fascinating,fas·ci·nat·ing,ˈfæs·ɪ·ˌneɪt·ɪŋ
Beverage,Bev·er·age,ˈbɛv·ər·ɪdʒ
beverage,bev·er·age,ˈbɛv·ər·ɪdʒ
special,spe·cial,ˈspɛ·ʃəl
Pitfall,Pit·fall,pɪt·fɔːl
pitfall,pit·fall,ˈpɪt·fɔːl
Accommodations,Ac·com·mo·da·tions,ə·ˌkɒm·ə·ˈdeɪ·ʃənz
accommodations,ac·com·mo·da·tions,ə·ˌkɒm·ə·ˈdeɪ·ʃənz
Look out,Look out,lʊk aʊt
look out,look out,lʊk aʊt
pepper,pep·per,ˈpɛp·ər
Daring,Dar·ing,ˈdɛr·ɪŋ
daring,dar·ing,ˈdɛər·ɪŋ
Spacious,Spa·cious,ˈspeɪ·ʃəs
spacious,spa·cious,ˈspeɪ·ʃəs
Comfort,Com·fort,ˈkʌm·fərt
comfort,com·fort,ˈkʌm·fərt
nigging,nig·ging,ˈnɪɡ·ɪŋ
task,task,tæsk
Critique,Cri·tique,krɪ·ˈtik
critique,cri·tique,krɪ·ˈtiːk
Molecular,Mol·e·cu·lar,ˌmɒl·ɪ·ˈkjʊə·lər
molecular,mo·le·cu·lar,ˌmɒ·lɪ·ˈkjuː·lər
perception,per·cep·tion,pər·ˈsɛp·ʃən
Downtime,Down·time,ˈdaʊn·taɪm
downtime,down·time,ˈdaʊn·taɪm
Strategy,Strat·e·gy,ˈstræt·ə·dʒi
strategy,strat·e·gy,ˈstræt·ə·dʒi
Parse,Parse,pɑːrs
parse,parse,pɑːrz
Hedonism,He·do·nism,ˈhiː·də·ˌnɪzəm
hedonism,he·do·nism,ˈhiː·də·ˌnɪzəm
elderly,eld·er·ly,ˈɛld·ər·li
Marvels,Mar·vels,ˈmɑr·vəlz
marvels,mar·vels,ˈmɑː·vəlz
Serendipitous,Ser·en·dip·i·tous,ˌsɛr·ən·ˈdɪp·ɪ·təs
serendipitous,ser·en·dip·i·tous,ˌser·ən·ˈdɪp·ɪ·təs
Recovering,Re·cov·er·ing,ˌrɪ·ˈkʌv·ər·ɪŋ
celebration,cel·e·bra·tion,ˌsɛl·ɪ·ˈbreɪ·ʃn
Quirky,Quirk·y,ˈkwɜːrk·i
quirky,quirk·y,ˈkwɜrk·i
Unique,U·nique,juː·ˈniːk
Mushroom,Mush·room,ˈmʌʃ·ruːm
Cloud,Cloud,klaʊd
mushroom,mush·room,ˈmʌʃ·rum
cloud,cloud,klaʊd
tamagoyaki,ta·ma·go·ya·ki,ˌtɑː·mɑː·ɡoʊ·ˈjɑː·ki
refuse,ref·use,ˈrɛf·ˌjus
refuse,re·fuse,rɪ·ˈfjuz
milestone,mile·stone,maɪl·stoʊn
Soba,So·ba,ˈsoʊ·bə
soba,so·ba,ˈsoʊ·bə
Handle,Han·dle,ˈhæn·dl
handle,han·dle,ˈhæn·dəl
components,com·po·nents,kəm·ˈpoʊ·nənts
Culmination,Culm·i·na·tion,ˌkʌlm·ɪ·ˈneɪ·ʃn
culmination,cul·mi·na·tion,ˌkʌl·mɪ·ˈneɪ·ʃn
fancy,fan·cy,ˈfæn·si
Tender,Ten·der,ˈtɛn·dər
tender,ten·der,ˈtɛn·dər
harmony,har·mo·ny,ˈhɑː·mə·ni
prosper,pros·per,ˈprɑː·spər
Prosperity,Pros·pe·ri·ty,prɒs·ˈpɛ·rɪ·ti
prosperity,pros·per·i·ty,ˌprɑː·ˈspɛr·ɪ·ti
loquat,lo·quat,ˈloʊ·kwɑt
Savor,Sa·vor,ˈseɪ·vər
savor,sav·or,ˈseɪv·ər
Terrible,Ter·ri·ble,ˈtɛr·ə·bl
Diverse,Di·verse,dɪ·ˈvɜrs
diverse,di·verse,ˈdaɪ·vɜrs
Stupid,Stu·pid,ˈstuː·pɪd
stupid,stu·pid,ˈstuː·pɪd
unforgettable,un·for·get·ta·ble,ˌʌn·fər·ˈɡɛt·ə·bl̩
Appetite,Ap·pe·tite,ˈæp·ɪ·taɪt
Cycle,Cy·cle,ˈsaɪ·kəl
cycle,cy·cle,ˈsaɪ·kəl
Prophecy,Prophe·cy,ˈprɑ·fəsi
prophecy,prophe·cy,ˈprɑf·əsi
Sandwich,Sand·wich,ˈsæn·dwɪtʃ
sandwich,sand·wich,ˈsæn·dwɪtʃ
Commute,Com·mute,kə·ˈmjuːt
commute,com·mute,kə·ˈmjuːt
simple,sim·ple,ˈsɪm·pəl
Exchange,Ex·change,ɪkˈs·tʃeɪndʒ
exchange,ex·change,ɪks·ˈtʃeɪndʒ
Dynamics,Dy·nam·ics,daɪ·ˈnæm·ɪks
dynamics,dy·nam·ics,daɪ·ˈnæm·ɪks
Prophets,Proph·ets,ˈprɑf·ɪts
prophets,proph·ets,ˈprɑf·ɪts
state-of-the-art,state·-·the·-·art,steɪt·əv·ði··ɑrt
Neuromorphic,Neu·morph·ic,ˌnʊroʊ·ˈmɔrf·ɪk
neuromorphic,neu·morphic,ˌnʊroʊ·ˈmɔrfɪk
delectable,de·lec·ta·ble,dɪ·ˈlɛk·tə·bəl
Marvelous,Mar·vel·ous,ˈmɑr·vəl·əs
marvelous,mar·vel·ous,ˈmɑr·vəl·əs
abbreviation,ab·bre·vi·a·tion,ə·ˌbriː·vi·ˈeɪ·ʃən
surreptitious,sur·rep·ti·tious,ˌsʌr·əp·ˈtɪʃ·əs
triggered,trig·gered,ˈtrɪɡ·ərd
efficient,ef·fi·cient,ɪ·ˈfɪ·ʃənt
ventilation,ven·ti·la·tion,ˌvɛn·tɪ·ˈleɪ·ʃən
preach,preach,priːtʃ
evolve,e·volve,ɪ·ˈvɒlv
Authentically,Au·then·ti·cally,ˌɔː·ˈθɛn·tɪ·kli
authentically,au·then·ti·cal·ly,ˌɔː·ˈθɛn·tɪ·k·li
Serendipity,Ser·en·dip·i·ty,ˌsɛr·ən·ˈdɪp·ɪ·ti
serendipity,ser·en·dip·ity,ˌsɛr·ən·ˈdɪp·ɪti
aficionado,a·fi·cio·na·do,ˌæ·fɪ·siə·ˈnɑː·dəʊ
Comedy,Com·e·dy,ˈkɒm·ɪ·di
comedy,com·e·dy,ˈkɒm·ɪ·di
craftsmanship,crafts·man·ship,ˈkræfts·mən·ʃɪp
Blend,Blend,blɛnd
blend,blend,blɛnd
Medic,Med·ic,ˈmɛd·ɪk
medic,med·ic,ˈmɛd·ɪk
introspection,in·tro·spec·tion,ˌɪn·trə·ˈspɛk·ʃən
mandoodles,man·doo·dles,ˌmæn·ˈduː·dəlz
Mindfulness,Mind·ful·ness,maɪnd·fəl·nəs
mindfulness,mind·ful·ness,maɪnd·fəl·nəs
Milestone,Mile·stone,ˈmaɪl·stoʊn
Depart,De·part,dɪ·ˈpɑːrt
depart,de·part,dɪ·ˈpɑːrt
detector,de·tec·tor,dɪ·ˈtɛk·tər
wavelength,wave·length,weɪv·leŋ(k)θ
Arrived,Ar·rived,ə·ˈraɪvd
arrived,ar·rived,ə·ˈraɪvd
Feminism,Fem·i·nism,ˈfɛm·ɪ·ˌnɪzəm
feminism,fem·i·nism,ˈfɛm·ə·ˌnɪzəm
souvenir,sou·ve·nir,ˌsuː·və·ˈnɪər
Martial,Mar·tial,ˈmɑːr·ʃəl
martial,mar·tial,ˈmɑr·ʃəl
pressure,pres·sure,ˈpreʃ·ər
Evoke,E·voke,ɪ·ˈvoʊk
evoke,e·voke,ɪ·voʊk
Redemption,Red·emp·tion,ˌrɛd·ɪm·pʃən
redemption,re·demp·tion,rɪ·ˈdɛmp·ʃən
So,So,ˈsoʊ
long,long,lɔŋ
so,so,ˈsoʊ
long,long,lɔŋ
Shenanigans,She·nan·i·gans,ʃɪ·ˈnæn·ɪ·ɡənz
shenanigans,she·nan·i·gans,ʃə·ˈnæn·ɪ·ɡənz
togetherness,to·geth·er·ness,tə·ˈɡɛð·ər·nəs
candid,can·did,ˈkæn·dɪd
swimming,swim·ming,ˈswɪm·ɪŋ
Cafeteria,Caf·e·te·ri·a,ˌkæf·ɪ·ˈtɪ·ri·ə
cafeteria,caf·e·te·ria,ˌkæf·ɪ·ˈtɪ·riə
Adventurer,Ad·ven·tur·er,əd·ˈvɛn·tʃər·ər
adventurer,ad·ven·tur·er,əd·ˈvɛn·tʃər·ər
lazying,lay·zing,ˈleɪ·ziɪŋ
art,art,ɑːrt
lazying-art,lay·zing·-·art,ˈleɪ·ziɪŋ ɑrt
LazyingArt,Lay·zing·Art,ˈleɪ·ziɪŋ·ɑːrt
The,The,ðiː
Art,Art,ɑːrt
of,of,ʌv
Lazying,Laz·ying,ˈleɪz·iɪŋ
the,the,ðə
art,art,ɑːrt
of,of,ʌv
lazying,lay·zing,ˈleɪ·ziɪŋ
innocence,inno·cence,ˈɪn·əsəns
transform,trans·form,ˈtræns·ˌfɔrm
collar,col·lar,ˈkɑː·lɚ
captivating,cap·ti·va·ting,ˈkæp·tɪ·veɪ·tɪŋ
joyful,joy·ful,ˈdʒɔɪ·fəl
leap,leap,liːp
revolutionizing,rev·o·lu·tion·iz·ing,ˈrɛv·ə·ˌluː·ˌʃə·ˌnaɪ·zɪŋ
elegance,el·e·gance,ˈɛl·ɪ·ɡəns
empowerment,em·pow·er·ment,ɪm·ˈpaʊ·ər·mənt
creamy,cream·y,ˈkriːm·i
sentinel,sen·ti·nel,ˈsɛn·tɪ·nəl
medley,med·ley,ˈmɛd·li
threshold,thresh·hold,ˈθrɛʃ·hoʊld
plump,plump,plʌmp
venture,ven·ture,ˈvɛn·tʃər
quirks,quirks,kwɜrks
inspiration,in·spi·ra·tion,ˌɪn·spɪ·ˈreɪ·ʃən
reflect,re·flect,ˈrɪ·ˈflɛkt
tapestry,tape·stry,ˈteɪp·stri
sign,sign,saɪn
intricate,in·tri·cate,ˈɪn·trɪ·kɪt
symphony,symph·o·ny,ˈsɪmf·ə·ni
rituals,rit·u·als,ˈrɪt·ʃu·əlz
transparency,trans·pa·ren·cy,træns·ˈpær·ən·si
wisdom,wis·dom,ˈwɪz·dəm
delicacies,del·i·ca·cies,ˈdɛl·ɪ·kə·siːz
diversity,di·ver·si·ty,dɪ·ˈvɜːr·sɪ·ti
ripe,ripe,raɪp
refrigerator,re·fri·ger·a·tor,rɪ·ˈfrɪdʒ·ə·ˌreɪ·tər
omnipresent,om·ni·pre·sent,ˌɒm·nɪ·ˈprez·ənt
landscape,land·scape,ˈlæn(d)·skeɪp
sustenance,sus·te·ance,ˈsʌs·tən·əns
nourish,nour·ish,ˈnɜr·ɪʃ
Lazying,Lay·zing,ˈleɪ·ziɪŋ
Art,Art,ɑːrt
lazing,laz·ing,ˈleɪz·ɪŋ
art,art,ɑːrt
nourishment,nour·ish·ment,ˈnɜr·ɪʃ·mənt
urban,ur·ban,ˈɜːr·bən
broth,broth,brɒθ
companion,com·pan·ion,kəm·ˈpæn·jən
connectivity,con·nec·tiv·i·ty,kən·ˌnɛk·ˈtɪv·ə·ti
separate,sep·a·rate,ˈsɛp·ə·ˌreɪt
juxtaposition,juxta·position,ˌdʒʌks·təpəˈzɪʃ(ə)n
reflection,re·flec·tion,rɪ·ˈflɛk·ʃən
sailboat,sail·boat,seɪl·boʊt
docked,docked,dɒkt
savour,sav·our,ˈseɪ·vər
sizzle,siz·zle,ˈsɪz·əl
gastronomical,gas·tro·no·mi·cal,ˌɡæs·trə·ˈnɑ·mɪ·kəl
mundane,mun·dane,ˌmʌn·ˈdeɪn
contentment,con·tent·ment,kən·ˈtɛnt·mənt
cherish,cher·ish,ˈtʃɛr·ɪʃ
hygiene,hy-·giene,ˈhaɪ-·dʒiːn
creaminess,cream·i·ness,kriːm·ɪ·nəs
indulge,in·dulge,ɪn·ˈdʌldʒ
vigil,vig·il,ˈvɪdʒ·əl
cozy,co·zy,ˈkoʊ·zi
pastry,pays·try,ˈpeɪ·stri
transformative,trans·for·ma·tive,trans·ˈfɔr·mə·tɪv
oasis,o·a·sis,oʊ·ˈeɪ·sɪs
intrigue,in·trigue,ɪn·ˈtriːɡ
charismatic,cha·ris·ma·tic,ˌkæ·rɪz·ˈmæ·tɪk
hieroglyphics,hie·ro·glyph·ics,ˌhaɪ·rə·ˈɡlɪf·ɪks
glimpse,glimpse,ɡlɪmps
investment,in·vest·ment,ɪn·ˈvɛst·mənt
tuesday,tues·day,ˈtjuːz·deɪ
coupon,cou·pon,ˈkuː·pɒn
agility,a·gil·i·ty,ə·ˈdʒɪl·ɪ·ti
saturday,sat·ur·day,ˈsæt·ər·ˌdeɪ
wanderers,wan·der·ers,ˈwɒn·də·ərz
gathering,gath·er·ing,ˈɡæð·ər·ɪŋ
jumbotron,jum·bo·tron,ˈdʒʌm·bə·ˌtrɒn
hydrant,hy·drant,ˈhaɪ·drənt
illuminated,il·lu·mi·na·ted,ɪ·ˈluː·mɪ·ˌneɪ·tɪd
minimalist,min·i·mal·ist,ˈmɪn·ɪ·məl·ɪst
skateboard,skate·board,skeɪt·bɔːrd
integrated,in·te·gra·ted,ˈɪn·tɪ·ˌɡreɪ·tɪd
interconnected,in·ter·con·nect·ed,ˌɪn·tə·kə·ˈnɛk·tɪd
inventedart,in·vent·ed·art,ɪn·ˈvɛnt·ɪd·ɑrt
antioxidants,anti·oxi·dants,ˌænti·ˈɑːksi·dənts
obsessed,ob·sessed,əb·ˈsɛst
transience,tran·sience,ˈtræn·ʃəns
evolution,ev·o·lu·tion,ˌɛv·ə·ˈluː·ʃən
reflections,re·flec·tions,rɪ·ˈflɛk·ʃənz
sidewalk,side·walk,ˈsaɪd·ˌwɔk
simpler,simpl·er,ˈsɪmpl·ər
produce,pro·duce,proʊ·dus
produce,pro·duce,proʊ·djuːs
rosen,ros·en,ˈroʊ·zən
leash,leash,liːʃ
connoisseur,con·nois·seur,ˌkɒn·ə·ˈsɜːr
aesthetic,aes·thet·ic,ɛs·ˈθɛt·ɪk
dawn,dawn,dɔːn
graffiti,graf·fi·ti,ɡrə·ˈfiː·ti
peculiar,pe·cu·li·ar,pɪ·ˈkjuː·li·ər
stroll,stroll,stroʊl
blueberry,blue·berry,ˈbluː·ˌbɛri
edible,ed·i·ble,ˈɛd·ə·b(ə)l
stew,stew,stuː
epicurean,ep·i·cu·re·an,ˌɛp·ɪ·kjʊ·ˈri:·ən
communal,com·mu·nal,kə·ˈmjuː·nəl
aerial,aer·i·al,ˈɛɹ·i·əl
delights,de·lights,dɪ·ˈlaɪts
gastronomic,gas·tro·no·mic,ˌgæs·trə·ˈnɑ·mɪk
contemplation,con·tem·pla·tion,ˌkɒn·təm·ˈpleɪ·ʃn
montage,mon·tage,ˈmɒn·tɑːʒ
architectural,arch·i·tec·tur·al,ˌɑrk·ɪ·ˈtɛk·ʃər·əl
cityscape,city·scape,ˈsɪti·ˌskeɪp
skateboarding,skate·board·ing,skeɪt·bɔrd·ɪŋ
deciphering,de·ci·pher·ing,dɪ·ˈsaɪ·fər·ɪŋ
pronunciation,pro·nun·ci·a·tion,prə·ˌnʌn·si·ˈeɪ·ʃn
smile,smile,smaɪl
canvas,can·vas,ˈkæn·vəs
connection,con·nec·tion,kə·ˈnɛk·ʃən
tantalizing,tan·ta·liz·ing,ˈtæn·tə·ˌlaɪz·ɪŋ
minimalism,min·i·mal·ism,ˈmɪn·ɪ·məl·ˌɪzəm
symbiosis,sym·bi·o·sis,ˌsɪm·baɪ·ˈoʊ·sɪs
defiantly,de·fi·ant·ly,dɪ·ˈfaɪ·ənt·li
coexistence,co·ex·ist·ence,ˌkoʊ·ɪɡ·ˈzɪs·təns
bonding,bond·ing,ˈbɑːnd·ɪŋ
Lazying,Lay·zing,ˈleɪ·ziɪŋ
Art,Art,ɑːrt
triumphs,tri·umphs,ˈtraɪ·ʌmfs
Lazying,Lay·zing,ˈleɪ·ziɪŋ
Art,Art,ɑːrt
interruption,in·ter·rup·tion,ˌɪn·(t)ə·ˈrʌp·ʃ(ə)n
sweet potato,sweet po·ta·to,swiːt pə·ˈteɪ·toʊ
recently,re·cent·ly,ˈriː·sənt·li
relaxation,re·lax·a·tion,ˌriː·læk·ˈseɪ·ʃən
cereal,ce·re·al,ˈsɪə·ri·əl
regards,re·gards,rɪ·ˈɡɑrdz
lunch,lunch,lʌntʃ
bowl,bowl,boʊl
engagement,en·gage·ment,ɪn·ˈɡeɪdʒ·mənt
architecture,ar·chi·tec·ture,ɑːr·kɪ·tɛk·tʃər
statue,stat·ue,stæt·ʧuː
airplane,air·plane,ˈɛr·ˌpleɪn
table,ta·ble,ˈteɪ·bəl
parrot,par·rot,pær·ət
flowing,flow·ing,floʊ·ɪŋ
waterfall,wa·ter·fall,ˈwɔː·tər·ˌfɔːl
stream,stream,striːm
mountain,moun·tain,ˈmaʊn·tən
crowd,crowd,kraʊd
controller,con·trol·ler,kən·ˈtroʊ·lər
baseball,base·ball,ˈbeɪs·ˌbɔːl
reaction,re·ac·tion,ri·ˈæk·ʃən
stage,stage,steɪdʒ
scissors,scis·sors,ˈsɪ·ərz
beading,bead·ing,biːd·ɪŋ
skyscrapers,sky·scrap·ers,skaɪ·skreɪp·ərz
banana,ba·na·na,bə·ˈnæ·nə
retro,re·tro,ˈrɛ·troʊ
motorcycle,mo·tor·cy·cle,ˈmoʊ·tər·ˌsaɪ·kəl
jumping,jump·ing,dʒʌm·pɪŋ
bow tie,bow·tie,boʊ·taɪ
bow tie,bow·tie,boʊ·taɪ
pasta,pas·ta,ˈpɑː·stə
frying pan,fry·ing· pan,fraɪ·ɪŋ· pæn
fruit,fruit,fruːt
walking,walk·ing,wɔːk·ɪŋ
sticky,stick·y,stɪk·i
everyday,ev·ery·day,ˈɛv·ri·deɪ
catalyst,cat·a·lyst,ˈkæt·ə·lɪst
crumbly,crum·bly,krʌm·bli
lighthouse,light·house,laɪt·haʊs
posing,pos·ing,poʊz·ɪŋ
dog,dog,dɔg
dream,dream,driːm
carriage,car·riage,kær·ɪdʒ
rain,rain,reɪn
consuming,con·sum·ing,kən·ˈsuː·ɪŋ
cheap,cheap,tʃiːp
café,ca·fé,ˈka·feɪ
standing,stand·ing,ˈstænd·ɪŋ
cake,cake,keɪk
pan,pan,pæn
share,share,ʃɛr
frisbee,fris·bee,frɪz·bi
wheelchair,wheel·chair,ˈwiːl·ˌʧɛr
nostalgic,nos·tal·gic,nə·ˈstæl·ʤɪk
ironic,i·ron·ic,aɪ·ˈrɒn·ɪk
bench,bench,bɛnʧ
push-ups,push·-·ups,pʊʃ ˌʌps
recommendation,rec·om·men·da·tion,rɛk·ə·mɛn·ˈdeɪ·ʃən
pier,pier,pɪr
cat,cat,kæt
coffee,cof·fee,ˈkɒf·i
meat ,meat,miːt 
meat,meat,miːt
sauté,sau·té,sɔː·ˈteɪ
taste,taste,teɪst
patterns,pat·terns,ˈpæt·ərnz
household,house·hold,ˈhaʊs·hoʊld
cooking,cook·ing,kʊk·ɪŋ
pencil,pen·cil,ˈpɛn·sl
stacked,stacked,stækt
numerology,nu·me·rol·o·gy,nuː·mə·ˈrɒl·ə·dʒi
microphone,mi·cro·phone,ˈmaɪ·krə·ˌfoʊn
venison,ven·i·son,ˈvɛn·ɪ·sən
steak,steak,steɪk
wine,wine,waɪn
parasite,par·a·site,ˈpær·ə·saɪt
nostalgia,nos·tal·gia,nɑs·ˈtæl·dʒə
advertisement,ad·ver·tise·ment,ˌæd·vər·ˈtaɪz·mənt
limitations,lim·i·ta·tions,lɪm·ɪ·ˈteɪ·ʃənz
solution,so·lu·tion,sə·ˈluː·ʃən
tasting,tast·ing,ˈteɪst·ɪŋ
mirror,mir·ror,ˈmɪr·ər
roadster,road·ster,ˈroʊd·stər
brick,brick,brɪk
detective,de·tec·tive,dɪ·ˈtɛk·tɪv
ledge,ledge,ledʒ
cleaning,clean·ing,ˈkliːn·ɪŋ
computer,com·put·er,kəm·ˈpjuː·tər
vegetables,veg·e·ta·bles,ˈvɛdʒ·tə··bəlz
bread,bread,brɛd
grocery,gro·cer·y,ɡroʊ·sə·ri
experiment,ex·pe·ri·ment,ɪk·ˈspɛr·ɪˌ·mɛnt
theory,the-·o-,θɪə·əri
grateful,grate·ful,ɡreɪt·fəl
hate,hate,heɪt
train,train,treɪn
cook,cook,kʊk
frying,fry·ing,fraɪ·ɪŋ
scrumptious,scrump·tious,skrʌmp·ʃəs
stove,stove,stoʊv
soup,soup,suːp
plate,plate,pleɪt
consume,con·sume,kən·ˈsjuːm
chopped,chopped,tʃɒpt
field,field,fiːld
toothbrush,tooth·brush,tuːθ·brʌʃ
flower,flow·er,flaʊ·ər
building,build·ing,bɪld·ɪŋ
horography,ho·ro·gra·phy,hə·ˈrɑ·ɡrə·fi
door,door,dɔːr
furry,fur·ry,ˈfɜː·ri
principle,prin·ci·ple,ˈprɪn·sə·pəl
energize,en·er·gize,ˈɛn·ər·ˌdʒaɪz
authentic,au·then·tic,ɔː ·ˈθɛn ·tɪk 
lush,lush,lʌʃ
cup,cup,kʌp
miserable,mis·er·a·ble,ˈmɪz·ər·ə·bəl
collage,col·lage,kə·ˈlɑːʒ
healthy,heal·thy,ˈhɛl·θi
memories,mem·o·ries,mɛm·ə·riz
numerous,nu·mer·ous,ˈnu·mər·əs
subway,sub·way,ˈsʌb·weɪ
language,lan·guage,ˈlæŋ ·ɡwɪdʒ
gather,gath·er,ɡæθ·ər
clever,clev·er,ˈklɛv·ər
vase,vase,veɪs or vɑːz
display,dis·play,dɪs·pleɪ
noisy,noi·sy,nɔɪ·zi
food,food,fuːd
review,re·view,rɪ·ˈvjuː
stairway,stair·way,ˈstɛər·ˌweɪ
laundry,laun·dry,ˈlɔːn·dri
existence,ex·is·tence,ɪɡ ·ˈzɪ ·stəns 
repulsive,re·pul·sive,rɪ·ˈpʌl·sɪv
intolerant,in·tol·er·ant,ɪn·tɑːl·ər·ənt
pretentious,pre·ten·tious,prɪ·ˈtɛn·ʃəs
plural,plu·ral,ˈplʊ·rəl
quarter,quar·ter,ˈkwɔːr·tər
meal,meal,miːl
remote,re·mote,rɪ·moʊt
tournament,tour·na·ment,ˈtɜr·nə·mənt
host,host,hoʊst
desks,desks,dɛsks
productivity,pro·duc·tiv·i·ty,ˌprɒ·dʌk·ˈtɪv·ɪ·ti
presentation,pre·sen·ta·tion,ˌprɛ·zən·ˈteɪ·ʃən
cartoon,car·toon,kɑɹ ·tuːn 
community,com·mu·ni·ty,kə·ˈmjuː·nə·ti
grooming,groom·ing,ɡruːm·ɪŋ
nintendo,nin·ten·do,nɪn·ˈtɛn·doʊ
gathered,gath·ered,ˈɡæð·ərd
seminar,sem·i·nar,ˈsɛm·ɪ·ˌnɑr
declutter,de·clut·ter,dɪ·klʌt·ər
projector,pro·ject·or,prə·ˈdʒɛkt·ər
interface,in·ter·face,ˈɪn·tər·ˌfeɪs
championship,champ·i·on·ship,ˈtʃæmp·i·ən·ˌʃɪp
technology,tech·nol·o·gy,tɛk·nɒl·ə·dʒi
reverse,re·verse,rɪ·ˈvɝːs
engage,en·gage,ɪn·ˈɡeɪdʒ
attention,at·ten·tion,ə·ˈtɛn·ʃən
collaboration,col·la·bo·ra·tion,kə·ˌlæ·bə·ˈreɪ·ʃən
selfie,self·ie,sɛlf·i
achieve,a·chieve,ə·ˈtʃiːv
grinned,grinned,ɡrɪnd
scooter,scoo·ter,ˈskuː·tər
switch,switch,swɪtʃ
bodega,bo·de·ga,boʊ·ˈdeɪ·ɡə
game,game,ɡeɪm
separation,sep·a·ra·tion,ˌsɛp·ə·ˈreɪ·ʃən
gaming,g·aming,ɡeɪ·mɪŋ
discussion,dis·cus·sion,dɪs·kʌʃ·ən
engaging,en·ga·ging,ɪn·ˈɡeɪ·dʒɪŋ
strategic,stra·te·gic,strə·ˈtiː·dʒɪk
leadership,lead·er·ship,ˈliːd·ər·ˌʃɪp
teamwork,team·work,tiːm·wɜːrk
living room,liv·ing room,ˈlɪv·ɪŋ ruːm
living room,liv-·-ing· room,lɪv-·ɪŋ· ruːm
laying,lay·ing,leɪ·ɪŋ
fork,fork,fɔrk
creativity,cre·a·tiv·i·ty,ˌkriː ·eɪ ·ˈtɪv ·ɪ ·ti
workout,work·out,wɜːrk·aʊt
invest,in·vest,ɪn·vɛst
guitar,gui·tar,ɡɪ·ˈtɑːr
material,ma·te·ri·al,mə·ˈtɪr·i·əl
uplift,up·lift,ˈʌp·lɪft
advertising,ad·ver·tis·ing,ˈæd·vɚ·ˌtaɪz·ɪŋ
product,prod·uct,prɑːd·ʌkt
scholars,schol·ars,ˈskɑːl·ərz
opportunity,op·por·tuni·ty,ɒp·ər·ˈtuːn·ɪti
vacuum,vac·uum,ˈvæk·juːm
refreshing,re·fresh·ing,rɪ·ˈfrɛʃ·ɪŋ
important,im·por·tant,ɪm·ˈpɔːr·tənt
comforting,com·for·ting,kəm·fər·tɪŋ
masterpiece,mas·ter·piece,ˈmæ·stər·ˌpiːs
chips,chips,tʃɪps
grapes,grapes,ɡreɪps
color,col·or,ˈkʌl·ər
encounters,en·coun·ters,ɪn·ˈkaʊn·tərz
umbrella,um·brel·la,ʌm·ˈbrel·lə
cold,cold,koʊld
grill,grill,ɡrɪl
kitchen,kit·chen,ˈkɪt·ʃɪn
dumplings,dump·lings,dʌmp·lɪŋz
watermelon,wa·ter·mel·on,wɔː·ˈtər·ˈmɛ·ən
sorry,sor·ry,ˈsɒr·i
suitcase,suit·case,ˈsuːt·keɪs
subscribe,sub·scribe,səb·ˈskraɪb
thank,thank,θæŋk
Lazying Art,La·zy·ing Art,ˈleɪ·zi·ɪŋ ɑːrt
next,next,nɛkst
incorporate,in·cor·po·rate,ɪn·ˈkɔːr·pə·ˌreɪt
iterations,it·er·a·tions,ˌɪt·ə·'reɪ·ʃənz
bed,bed,bɛd
academy,a·cad·e·my,ə·ˈkæd·ə·mi
nurture,nur·ture,ˈnɜːr·tʃər
nature,na·ture,ˈneɪ·tʃər
classroom,class·room,klæs·ruːm
brush,brush,brʌʃ
couch,couch,kaʊʧ
coach,coach,koʊtʃ
interaction,in·ter·ac·tion,ˌɪn·tər·ˈræk·ʃən
ladder,lad·der,læd·ər
preservation,pre·ser·va·tion,ˌprɛ·zər·ˈveɪ·ʃən
fruits,fruits,fruts
apparent,ap·par·ent,əˈ·pær·ənt
certificate,cer·ti·fi·cate,sər·ˈtɪ·fɪ·ˌkeɪt
warning,warn·ing,ˈwɔr·nɪŋ
analysis,a·na·ly·sis,ə·ˈnæl·ə·sɪs
captivate,cap·ti·vate,ˈkæp·tə·ˌveɪt
slide,slide,
acquisition,ac·qui·si·tion,ˌæ·kwɪ·ˈzɪ·ʃən
sensitivity,sen·si·tiv·i·ty,sɛn·sɪ·tɪv·ɪ·ti
outline,out·line,aʊt·laɪn
exciting,ex·cit·ing,ɪk·ˈsaɪt·ɪŋ
showdown,show·down,ʃoʊ·daʊn
solace,sol·ace,sɒl·ɪs
competitive,com·pe·ti·tive,kəm·ˈpɛ·tɪ·tɪv
kindness,kind·ness,kaɪnd·nəs
hyper amnesia,hy·per·am·ne·sia,ˌhaɪ·pər·æm·ˈniː·ziə
hyperamnesia,hy·per·am·ne·si·a,ˌhaɪ·pə·æm·ˈniː·zɪ·ə
smartphone,smart·phone,ˈsmɑːrt·ˌfoʊn
knife,knife,naɪf
chef,chef,ʃɛf
scrubs,scrubs,skrʌbz
hotpot,hot·pot,hɒt·pɒt
honey,hon·ey,hʌn·i
cheers,cheers,tʃɪrz
airport,air·port,ɛər·pɔrt
smiling,smi·ling,ˈsmaɪ·lɪŋ
cell phone,cell·phone,sɛl·foʊn
trilobite,tri·lo·bite,ˈtraɪ·lə·ˌbaɪt
capture,cap·ture,kæp·tʃər
unbox,un·box,ˌən·ˈbäks
flock,flock,flɒk
sunset,sun·set,sʌn·ˌsɛt
plating,plat·ing,pleɪt·ɪŋ
marina,ma·ri·na,mə·ˈriː·nə
chopsticks,chop·sticks,ʧɒp·stɪks
thank-you,thank·-·you,θæŋk·-·juː
candles,can·dles,ˈkæn·dl̩z
guessing,guess·ing,ɡes·ɪŋ
gadget,gad·get,ˈɡæd·ʒɪt
unboxing,un·box·ing,ʌn·bɑːks·ɪŋ
object,obj·ect,ˈɒb·dʒɪkt
blender,blen·der,ˈblɛn·dər
focus,fo·cus,foʊ·kəs
energizing,en·er·gi·zing,ɛn·ər·ˌdʒaɪ·zɪŋ
insight,in·sight,ɪn·saɪt
financial,fi·nan·cial,fɪ·næn·ʃəl
regret,re·gret,rɪ·ɡrɛt
poached,poached,poʊtʃt
exploration,ex·plo·ra·tion,ɛks·plə·ˈreɪ·ʃən
flavor,fla·vor,fleɪ·vər
soothing,so·oth·ing,soʊ·ð·ɪŋ
count,count, kaʊnt
maximize,max·i·mize,mæks·ɪ·maɪz
panoramic,pa·no·ra·mic,pæ·nə·ræ·mɪk
talent,tal·ent,tæ·lənt
hearty,heart·y,hɑːrt·i
protagonist,pro·ta·go·nist,prə·ˈtæ·ɡə·nɪst
takeaway,take·a·way,teɪk·ə·weɪ
character,cha·rac·ter,ˈkær·ɪk·tər
divergent thinking,di·ver·gent·thinking,dɪ·ˈvɜr·dʒənt·ˈθɪŋkɪŋ
divergent,di·ver·gent,dɪ·ˈvɜr·dʒənt
thinking,think·ing,ˈθɪŋ·kɪŋ
hiking,hi·king,haɪ·kɪŋ
signage,sign·age,saɪn·ɪdʒ
cognition,cog·ni·tion,kɒɡ·ˈnɪ·ʃən
surreal,sur·real,sə·ˈriːəl
indulging,in·dul·ging,ɪn·ˈdʌl·dʒɪŋ
mission,mis·sion,mɪs·ʃən
appreciate,ap·pre·ci·ate,əp·priː·ʃi·eɪt
adventurous,ad·ven·tur·ous,æd·ˈvɛn·tʃər·əs
platter,plat·ter,plæt·ər
moment,mo·ment,mə·mənt
mesmerizing,mes·mer·iz·ing,mɛs·mə·rɑɪ·zɪŋ
intertwine,in·ter·twine,ɪn·tər·twaɪn
accordance,ac·cord·ance,ə·kɔr·dəns
concentration,con·cen·tra·tion,kɒn·sən·treɪ·ʃən
emotional,e·mo·tion·al,ɪ·ˈmoʊ·ʃən·əl
semiconductor,se·mi·con·duc·tor,ˌsɛm·ɪ·ˈkɒn·dʌk·tər
snack,snack,snæk
street food,street·food,striːt·fuːd
lazy,la·zy,leɪ·zi
art,art,ɑrt
succulent,suc·cu·lent,sʌk·jə·lənt
illumination,il·lu·mi·na·tion,ɪl·luː·mɪ·neɪ·ʃən
microscope,mi·cro·scope,ˈmaɪ·kroʊ·skoʊp
illuminate,il·lu·mi·nate,ɪl·ˈluː·mɪ·neɪt
treasures,treas·ures,trɛz·ərz
digital,di·gi·tal,ˈdɪ·dʒɪ·təl
vibrancy,vi·bran·cy,ˈvaɪ·brən·si
matchmaker,match·maker,mæʧ·ˌmeɪkər
versatility,ver·sa·ti·li,vɜːr·sə·ˈtɪl·əti
automate,au·to·mate,ɔː·tə·meɪt
operator,o·per·a·tor,oʊ·pər·ə·tər
capturing,cap·tur·ing,kæp·tʃər·ɪŋ
satisfying,sat·is·fy·ing,sæt·ɪs·faɪ·ɪŋ
shabu,sha·bu,ʃə·bu
antics,an·tic·s,æn·tɪk·s
transparent,trans·par·ent,træns·ˈpær·ənt
training,train·ing,treɪ·ɪŋ
fluctuate,flu·ctu·ate,flʌ·tʃu·eɪt
mindful,mind·ful,maɪnd·fəl
sensation,sen·sa·tion,sɛn·ˈseɪ·ʃən
tantalize,tan·ta·lize,tæn·tə·laɪz
dining,di·ning,ˈdaɪ·nɪŋ
composition,com·po·si·tion,ˈkɒm·pə·ˈzɪ·ʃən
awe,awe,ɔ
tribe,tri·be,traɪ·b
wonder,won·der,wʌn·dər
pantheon,pan·the·on,pæn·θi·ən
love,love,lʌv
overwhelmed,o·ver·whelmed,oʊ·vɚ·wɛlmd
apartment,a·part·ment,ə·ˈpɑːrt·mənt
sauce,sauce,sɔs
hustle,hus·tle,hʌs·əl
wholesome,whole·some,hoʊl·səm
excite,ex·cite,ɪk·saɪt
clutter,clut·ter,klʌt·ər
synthesis,syn·the·sis,sɪn·θɪ·sɪs
proteins,pro·te·ins,proʊ·tiː·nz
engaged,en·gaged,ɛn·ɡeɪdʒd
impact,im·pact,ɪm·pækt
unlimited,un·lim·it·ed,ʌn·ˈlɪm·ɪt·ɪd
resource,re·source,rɪ·sɔrs
commitment,com·mit·ment,kə·ˈmɪt·mənt
discovery,dis·cov·ery,dɪs·ˈkʌv·əri
spectrograph,spect·ro·graph,spɛk·trə·græf
fulfillment,ful·fill·ment,fʊl·ˈfɪl·mənt
enthusiastic,en·thu·si·as·tic,ɛn·θjuː·zɪ·æst·ɪk
aquarium,a·qua·ri·um,ə·ˈkwɛa·ri·əm
fresh,f·resh,f·rɛʃ
peach,peach,piːtʃ
emperor,em·per·or,ˈɛm·pər·ər
heritage,her·i·tage,hɛr·ɪ·tɪdʒ
neighborhood,nei·bor·hood,neɪ·bər·hʊd
surprises,sur·pri·ses,sər·praɪ·zɪz
visa,vi·sa,viː· zə
approved,ap·proved,əp·pruːvd
stagnation,stag·na·tion,stæɡ·ˈneɪ·ʃən
potential,po·ten·tial,pə·ˈtɛn·ʃəl
comfort zone,com·fort zone,kʌm·fərt zoʊn
admire,ad·mire,əd·ˈmaɪər
organize,or·ga·nize,ɔːr·ɡə·naɪz
prestigious,pres·tig·ious,prɛs·ˈtɪʒ·əs
scholarship,schol·ar·ship,ˈskɑːl·ər·ʃɪp
candidate,can·di·date,kæn·dɪ·deɪt
outstanding,out·stand·ing,aʊt·stænd·ɪŋ
significance,sig·nif·i·cance,sɪɡ·nɪf·ɪ·kəns
relationship,re·la·tion·ship,rɪ·ˈleɪ·ʃən·ʃɪp
negotiation,ne·go·ti·a·tion,nɪ·ɡoʊ·ʃi·ˈeɪ·ʃən
tension,ten·sion,tɛn·ʃən
appearances,ap·pear·an·ces,əp·ˈpɪr·ən·sɪz
vulnerability,vul·ner·a·bil·i·ty,ˌvʌl·nər·ə·ˈbɪl·ɪ·ti
comfortable,com·fort·a·ble,kʌm·fɾə·tə·bəl
accolade,ac·co·lade,æk·ə·leɪd
dedication,ded·i·ca·tion,ˌdɛd·ɪ·ˈkeɪ·ʃən
connect,con·nect,kən·ˈnɛkt
message,mes·sage,mɛs·ɪdʒ
excellence,ex·cel·lence,ɛk·sə·ləns
inspire,in·spire,ɪn·ˈspaɪər
ketchup,ket·chup,kɛt·ʧəp
cultural,cul·tur·al,kʌl·tʃər·əl
enjoy,en·joy,ɛn·dʒɔɪ
microscopy,mi·cros·co·py,maɪ·ˈkrɒs·kə·pi
advanced,ad·vanced,əd·vænst
anatomy,a·na·to·my,ə·næt·ə·mi
sustainable,sus·tain·a·ble,sə·ˈsteɪ·nə·bəl
ingredient,in·gre·di·ent,ɪn·ˈɡriː·di·ənt
harmonious,har·mo·ni·ous,hɑːr·ˈmoʊ·ni·əs
nutrient,nu·tri·ent,nu:·tri·ənt
forgiveness,for·give·ness,fɔːr·ˈɡɪv·nəs
nourishing,nour·ish·ing,nʌr·ɪ·ɪŋ
audience,au·di·ence,ɔː·di·əns
profiteroles,pro·fi·ter·oles,proʊ·fɪ·tər·oʊlz
intersection,in·ter·sec·tion,ɪn·tə·sɛk·ʃən
vision,vi·sion,vɪ·ʒən
analytics,an·a·lyt·ics,æn·ə·ˈlɪt·ɪks
autonomous,au·ton·o·mous,ɔː·ˈtɒn·ə·məs
caption,cap·tion,kæp·ʃən
emergency,e·mer·gen·cy,ɪ·ˈmɜr·dʒən·si
construction,con·struc·tion,kən·strʌk·ʃən
holography,ho·lo·gra·phy,hə·ˈlɒ·ɡrə·fi
sizzling,sizz·ling,sɪz·lɪŋ
proprietary,pro·pri·e·ta·ry,prə·ˈpraɪ·ə·ˌtɛ·ri
harmonies,har·mo·nies,hɑːr·ˈmoʊ·niz
technique,tech·nique,[tɛk]·[niːk]
enigma,e·nig·ma,ɪ·ˈnɪɡ·mə
landmark,land·mark,lænd·mɑrk
iconic,i·con·ic,aɪ·kɒn·ɪk
interact,in·ter·act,ɪn·tər·ækt
penguin,pen·gu·in,pɛŋ·ɡwɪ·ɪn
guardian,guar·di·an,ɡɑːr·di·ən
patience,pa·tience,peɪ·ʃəns
crossroads,cross·roads,krɔːs·roʊdz
intersections,in·ter·sec·tions,ɪn·tər·sɛk·ʃənz
integrate,in·te·grate,ˈɪn·tɪ·ɡreɪt
emotion,e·mo·tion,ɪ·moʊ·ʃən
ergonomics,er·go·nom·ics,ɜːr·ɡə·ˈnɒm·ɪks
adrenaline,a·dren·a·line,ə·drɛn·ə·ˌlɪn
generosity,gen·er·os·i·ty,dʒɛn·ə·ˈrɒs·ɪ·ti
compression,com·pres·sion,kəm·prɛs·ʃən
artistry,ar·tis·try,ɑː·tɪs·tri
exhibit,ex·hi·bit,ɪɡ·ˈzɪb·ɪt
figurine,fi·gu·rine,fɪ·ɡjʊ·riːn
specimen,spec·i·men,spɛk·ɪ·mən
glycerin,gly·ce·rin,ɡlaɪ·sə·rɪn
interconnectedness,in·ter·con·nect·ed,ɪn·tər·kəˈnɛk·tɪd·nəs
unpredictable,un·pre·dict·a·ble,ʌn·prɪ·dɪk·tə·bəl
symbolism,sym·bol·ism,sɪm·bəl·ɪzəm
kintsugi,kin·tsu·gi,kɪn·ˈsuː·ɡi
auspicious,aus·pi·cious,ɔːs·pɪ·ʃəs
immortality,im·mor·tal·i·ty,ɪm·mɔːr·tæl·ɪ·ti
unusual,un·u·sual,ʌn·ˈjuː·ʒuəl
concept,con·cept, kɒn· sɛpt
artisans,ar·ti·sans,ˈɑːr·tɪ·zənz
spiritual,spi·rit·u·al,ˈspɪ·rɪ·tʃu·əl
exhilarating,ex·hil·a·rat·ing,ɛks·hɪl·ə·reɪt·ɪŋ
vibrance,vi·br·ance,vaɪ·brə·ns
cadence,ca·dence,keɪ·dəns
revolutionary,re·vo·lu·tion·a·ry,rɛ·və·ˈluː·ʃən·ɛ·ri
flavors,fla·vors,fleɪ·vərz
passport,pass·port,pæs·pɔːrt
timeless,time·less,taɪm·ləs
breathtaking,breat·taking,brɛθ·ˌteɪkɪŋ
ecosystem,e·co·sys·tem,iː·kəʊ·ˌsɪs·təm
articulate,ar·tic·u·late,ɑːr·ˈtɪk·jə·leɪt
majesty,ma·jes·ty,ˈmæ·dʒə·sti
desire,de·si·re,dɪ·ˈzaɪ·ər
charisma,cha·ris·ma,kə·ˈrɪz·mə
assortment,as·sort·ment,ə·sɔːrt·mənt
loyalty,loy·al·ty,lɔɪ·əl·ti
empower,em·pow·er,ɛm·paʊ·ər
cure,cu·re,kjʊ·r
mechanics,me·chan·ics,mə·ˈkæn·ɪks
bounty,boun·ty,baʊn·ti
compassion,com·pas·sion,kəm·pæsh·ən
kowaii,ko·wai·i,koʊ·ˈɑː·iː
fastened,fast·ened,fæst·ənd
estates,es·ta·tes,ɛs·teɪ·ts
picturesque,pic·ture·sque,pɪk·tʃə·rɛsk
nocturnal,noct·urn·al,nɒkt·ˈtɜrn·əl
attraction,at·trac·tion,ə·træk·ʃən
assorted,as·sort·ed,ə·sɔːrt·ɪd
mixology,mix·ol·o·gy,mɪks·ɒl·əʊ·dʒi
radiation,ra·di·a·tion,reɪ·di·ˈeɪ·ʃən
arrangement,ar·range·ment,ə·reɪnʤ·mənt
skyline,sky·line,skaɪ·laɪn
gems,gems,dʒɛmz
introspect,in·tro·spect,ɪn·trə·spɛkt
irresistible,ir·re·sis·ti·ble,ɪr·ɪ·ˈzɪs·tə·bl
hospitality,hos·pi·tal·i·ty,hɒs·pɪ·ˈtæl·ə·ti
peace,peace,piːs
loaf,loaf,loʊf
wonderland,won·der·land,wʌn·dər·lænd
collectibles,col·lec·ti·bles,kə·ˈlɛk·tə·blz
affordable,af·ford·a·ble,əf·fɔːrd·ə·bəl
melting pot,mel·ting·pot,mɛl·tɪŋ·pɒt
reflective,re·flec·tive,rɪ·flɛk·tɪv
phonics,pho·nics,fɑ·nɪks
phonics,pho·nics,fɒ·nɪks
artifact,art·i·fact,['ɑːrt']·['ɪ']·[fækt]
electrifying,e·lec·tri·fy·ing,ɪ·ˈlɛk·trɪ·faɪ·ɪŋ
chaos,cha·os,keɪ·ɒs
arriving,ar·riv·ing,ɑr·rɪv·ɪŋ
features,fea·tures,fiːa·tʃərz
amplitude,am·pli·tude,æm·plɪ·tud
lean,lean,liːn
jupiter,ju·pi·ter,dʒuː·pɪ·tər
temperature,tem·per·a·ture,tɛm·pər·ə·tʃər
measure,me·a·sure,mɛ·ʒ·ər
intricacies,in·tri·ca·cies,ɪn·trɪ·kə·siz
caution,cau·tion,ˈkɔː·ʃən
gel,gel,dʒɛl
pause,pau·se,pɔː·z
baked goods,baked·goods,beɪkt·ɡʊdz
astronomy,as·tron·o·my,ə·ˈtrɑːn·ə·mi
nuanced,nu·anced,nuː·ɑːnst
curate,cu·rate,kjʊə·reɪt
transit,tran·sit,træn·zɪt
manage,man·age,mæn·ɪdʒ
meridian,me·rid·i·an,mə·ˈrɪd·i·ən
interpersonal,in·ter·per·son·al,ˌɪn·tər·ˈpɜr·sən·əl
recognition,rec·og·ni·tion,ˌrɛk·əg·ˈnɪ·ʃən
independence,in·de·pen·dence,ɪn·dɪ·pɛnd·əns
demographics,de·mo·gra·phics,dɛm·ə·ˈɡræf·ɪks
requirements,re·quire·ments,rɪ·ˈkwaɪər·mənts
surprise,sur·prise,sər·ˈpraɪz
affection,af·fec·tion,əf·fɛk·ʃən
perform,per·form,pər·fɔrm
unconventional,un·con·ven·tion·al,ʌn·kən·ˈvɛn·ʃən·əl
marvel,mar·vel,ˈmɑːr·vəl
balanced,bal·anced,bæl·ənst
recognize,rec·og·nize,ˈrɛk·əg·naɪz
networking,net·work·ing,nɛt·wɜrk·ɪŋ
mambo,mam·bo,mæm·boʊ
kebab,ke·bab,kɪ·ˈbæb
copyright,co·py·right,kɒ·pɪ·raɪt
beauty,beau·ty,bjuː·ti
artifacts,ar·ti·facts,ɑːr·tɪ·fæks
spooning,spoon·ing,spuːn·ɪŋ
omelet,om·let,ˈɒm·lɪt
competitor,com·pet·i·tor,kəm·ˈpɛt·ɪ·tə
appreciation,ap·pre·ci·a·tion,əp·priː·ʃi·eɪ·ʃən
interplay,in·ter·play,ˈɪn·tər·pleɪ
magnificent,mag·ni·fi·cent,mæɡ·ˈnɪf·ɪ·sənt
monument,mon·u·ment,mɒn·jʊ·mənt
maneuver,ma·neu·ver,mə·ˈnuː·vər
ambiance,am·bi·ance,æm·biː·ɒns
flora,flo·ra,floʊ·rə
distraction,dis·trac·tion,dɪs·træk·ʃən
synergy,syn·er·gy,sɪn·ər·dʒi
residence,res·i·dence,rɛs·ɪ·dəns
lift,l·if·t,l·ɪf·t
historic,his·tor·ic,hɪs·tɔːr·ɪk
haunting,haunt·ing,hɔːnt·ɪŋ
unlock,un·lock,ʌn·lɒk
traffic,traf·fic,træf·ɪk
reveal,re·veal,rɪ·ˈviːl
countryside,coun·try·side,ˈkʌn·tri·saɪd
expression,ex·pres·sion,ɛks·prɛs·ʃən
sundown,sun·down,sʌn·daʊn
cavendish,ca·ven·dish,kæv·ən·dɪʃ
utensils,u·ten·sils,juː·ˈtɛn·sɪlz
aquatic,a·qua·tic,ə·ˈkwæt·ɪk
gravity,grav·i·ty,ˈɡræv·ɪ·ti
boathouse,boat·house,boʊt·haʊs
punting,pun·ting,pʌn·tɪŋ
ingenious,in·gen·i·ous,ɪn·ˈdʒiːn·i·əs
clock,clock,klɒk
multitasking,mul·ti·task·ing,mʌl·ti·tæs·ɪŋ
simmer,sim·mer,sɪm·ər
slice,sli·ce,slaɪ·s
knead,knead,niːd
decadent,de·ca·dent,dɛ·kə·dənt
regulation,reg·u·la·tion,rɛɡ·jʊ·leɪ·ʃən
magnitude,mag·ni·tude,mæɡ·nɪ·tud
advocacy,ad·vo·ca·cy,æd·və·kə·si
certification,cer·ti·fi·ca·tion,sɜːr·tɪ·fɪ·ˈkeɪ·ʃən
gem,gem,dʒɛm
unexpected,un·ex·pec·ted,ʌn·ɪk·spɛk·tɪd
herd,herd,hɜrd
storefront,store·front,stɔːr·frʌnt
infrastructure,in·fra·struc·ture,ɪn·frə·strʌk·tʃər
expansive,ex·pan·sive,ɪk·pæn·sɪv
mentor,men·tor,mɛn·tɔr
wishing,wish·ing,wɪʃ·ɪŋ
sublime,sub·lime,sʌb·laɪm
encouraging,en·cour·ag·ing,ɪn·ˈkʌr·ɪ·dʒɪŋ
maneuvering,ma·neu·ver·ing,mə·ˈnuː·vər·ɪŋ
care,care,kɛr
deception,de·cep·tion,dɪ·ˈsɛp·ʃən
cascading,cas·cad·ing,kæs·keɪd·ɪŋ
laureate,la·u·ate,lɔː·rɪ·ət
control,con·trol,kən·troʊl
harbor,har·bor,hɑːr·bər
jetliner,jet·liner,dʒɛt·ˈlaɪnər
metropolitan,met·ro·pol·i·tan,mɛt·rə·ˈpɒl·ɪ·tən
decluttering,de·clut·ter·ing,dɪ·ˈklʌt·ər·ɪŋ
jet lag,jet lag,dʒɛt læɡ
tarmac,tar·mac,tɑːr·mæk
enchant,en·chant,ɪn·ˈʧænt
omit,o·mit,ə·ˈmɪt
yakimiku,ya·ki·mi·ku,jɑː·kɪ·miː·ku
functionality,func·tion·al·i·ty,fʌŋk·ʃə͡n·ˈæl·ə·ti
haul,hau·l,hɔː·l
innovations,in·no·va·tions,ɪn·ə·ˈveɪ·ʃənz
nurturing,nur·tur·ing,nɜːr·tʃər·ɪŋ
yakiniku,ya·ki·ni·ku,jɑː·kɪ·ni·ku
install,in·stall,ɪn·stɔl
料理,料·理,ryou·ri
personalization,per·son·al·i·za·tion,pɜːr·sən·əl·ɪ·ˈzeɪ·ʃən
independent,in·de·pen·dent,ɪn·dɪ·pɛn·dənt
financial independence,fi·nan·cial·in·de·pen·dence,fɪ·næn·ʃəl·ɪn·dɪ·pɛn·dəns
decisive,de·ci·sive,dɪ·ˈsaɪ·sɪv
lore,lore,lɔːr
idealism,i·deal·ism,aɪ·ˈdiːl·ˌɪzəm
humor,hu·mor,hjuː·mər
superfoods,su·per·foods,su:·pər·fuːdz
affluent,af·flu·ent,æf·lu·ənt
ultimate,ul·ti·mate,ˈʌl·tɪ·mɪt
automated,au·to·ma·ted,ɔː·tə·meɪ·tɪd
resourceful,re·source·ful,rɪ·sɔːrs·fəl
profound,pro·found,prə·faʊnd
prodigy,prod·i·gy,prɒd·ɪ·dʒi
ambition,am·bi·tion,æm·ˈbɪ·ʃən
mastering,mas·ter·ing,mæ·tər·ɪŋ
introductions,in·tro·duc·tions,ɪn·trə·dʌk·ʃənz
companions,com·pan·ions,kəm·ˈpæ·njənz
excited,ex·cit·ed,ɪk·ˈsaɪ·ɪd
memorable,mem·o·ra·ble,mɛm·ə·rə·bəl
sympathy,sym·pa·thy,sɪm·pə·θi
vistas,vis·tas,vɪs·təs
aircraft,air·craft,ɛr·kræft
yogurt,yo·gurt,joʊ·ɡɚt
marinate,mar·i·nate,ˈmɛr·ɪ·neɪt
chocolate,cho·co·late,tʃɒ·k·lɪt
baggage,bag·gage,bæɡ·ɪdʒ
onigiri,o·ni·gi·ri,oʊ·nɪ·ɡiː·ri
dish,di·sh,dɪ·ʃ
book,book,bʊk
boarding,board·ing,bɔːrd·ɪŋ
aeronautics,aero·na·ut·ics,ˌɛəroʊ·ˈnɔː·ɪk·tɪks
aerodynamics,aero·dy·na·mics,ˌɛəroʊ·daɪ·ˈnæ·ɪks
noodle,noo·dle,nuː·dəl
meatball,meat·ball,miːt·bɔːl
sacrifice,sac·ri·fice,ˈsæk·rɪ·faɪs
aviation,a·vi·a·tion,ˌeɪ·vi·ˈeɪ·ʃən
limited,li·mi·ted,ˈlɪ·mɪ·tɪd
mind,mind,maɪnd
vengeance,ven·ge·ance,vɛn·dʒə·ns
survival,sur·vi·val,sər·vaɪ·vəl
dwell,dwell, dwɛl
pathway,path·way,ˈpæθ·weɪ
calligraphy,cal·lig·ra·phy,kə·ˈlɪɡ·rə·fi
enchantment,en·chant·ment,ɪn·ˈtʃænt·mənt
history,his·to·ry,hɪs·tə·ri
champagne,champ·agne,ʃæm·peɪn
loneliness,lon·eli·ness,loʊn·lɪn·əs
unwind,un·wind,ʌn·ˈwaɪnd
destiny,des·ti·ny,dɛs·tɪ·ni
nutrients,nu·tri·ents,njuː·trɪ·ənts
pulsate,pul·sate,pʌl·seɪt
restaurant,res·tau·rant,rɛs·tə·rənt
wonton,won·ton,wɑn·tɑn
broccoli,bro·c·co·li,ˈbrɑː·k·ə·li
oil,oil,ɔɪl
congee,con·gee,kɒn·dʒi
grammar,gram·mar,ɡræm·ər
strength,str·ength,str·ɛŋkθ
vinegar,vin·e·gar,vɪn·ɪ·ɡər
fitness,fit·ness,fɪt·nəs
hamburger,ham·bur·ger,hæm·bɜr·ɡər
assess,as·sess,ə·sɛs
pacing,pa·cing,peɪ·sɪŋ
enthusiast,en·thu·si·ast,ɛn·ˈθuː·zi·æst
varieties,va·ri·e·ties,və·ˈraɪ·ə·tiz
pragmatic,prag·ma·tic,præɡ·mæt·ɪk
crumble,crum·ble,krʌm·bəl
ceremony,cer·e·mo·ny,ˈsɛr·ə·ˌmoʊ·ni
entrepreneurial,en·tre·pre·neur·i·al,ˈɛn·trə·prə·ˈnɜːr·i·əl
conquer,con·quer,kɒŋ·kər
dashboard,dash·board,dæʃ·bɔrd
zucchini,zu·cchi·ni,zʊ·ˈkiː·ni
dialogue,di·a·logue,ˈdaɪ·ə·ˌlɔg
dexterity,dex·ter·i·ty,dɛk·ˈstɛr·ɪ·ti
theology,theo·lo·gy,θiːoʊ·lɑː·dʒi
bbq,bb·q,ˈbiː·ˈkjuː
inquisitive,in·qui·si·tive,ɪn·ˈkwɪ·zɪ·tɪv
resolution,re·so·lu·tion,ˌrɛz·ə·ˈluː·ʃən
determination,de·ter·mi·na·tion,dɪ·ˌtɜːr·mɪ·ˈneɪ·ʃən
grip,gri·p,ɡrɪ·p
moments,mo·ments,moʊ·mənts
vitamins,vi·ta·mins,vɪ·tə·mɪnz
char siu,char·siu,ˈtʃɑːr·siːu
letteret,let·ter·et,lɛt·ər·ɛt
perplexity,per·plex·i·ty,pər·ˈplɛks·ɪ·ti
dephlegmation,de·phleg·ma·tion,dɛ·flɛɡ·ˈmeɪ·ʃən
lapactic,la·pac·tic,lə·ˈpækt·ɪk
akamatsu,a·ka·ma·tsu,ɑː·kə·ˈmɑː·tsu
indispensable,in·dis·pen·sa·ble,ˌɪn·dɪs·ˈpɛn·sə·bl
autosled,au·to·sled,ˈɔː·tə·slɛd
martagon,mar·ta·gon,ˈmɑːr·tə·ɡən
eurydice,eu·ry·di·ce,jʊə·rɪ·də·si
uncradled,un·cra·dled,ʌn·ˈkreɪ·dld
generous,gen·er·ous,ˈdʒɛn·ər·əs
epoch,ep·och,ˈiː·pɒk
everywhence,ev·ery·whence,ˈɛv·ri·wɛns
revolting,re·volt·ing,rɪ·ˈvoʊlt·ɪŋ
characteristic,char·ac·ter·is·tic,ʧɑr·ə̆k·tər·ɪs·tɪk
define,de·fine,dɪ·faɪn
frequency,fre·quen·cy,fri·kwən·si
genuine,gen·u·ine,dʒɛn·ju·ɪn
nevertheless,nev·er·the·less,nɛv·ər·ðɛl·əs
reliable,re·li·a·ble,rɪ·laɪ·ə·bəl
withstand,with·stand,wɪð·stænd
grasp,grasp,græsp
legitimate,le·gi·ti·mate,lɪ·dʒɪ·tɪ·mət
operate,op·er·ate,ɒp·ər·eɪt
proficient,pro·fi·cient,prə·fɪ·ʃənt
xiom,xi·om,zaɪ·əm
internecine,in·ter·ne·cine,ɪn·tər·nɛ·saɪn
forswear,for·swear,fɔr·swɛr
antimicrobial,an·ti·micro·bi·al,æn·tɪ·maɪkroʊ·bi·əl
miasma,mi·as·ma,maɪ·æz·mə
germane,ger·mane,dʒɜr·meɪn
temporal,tem·po·ral,tɛm·pər·əl
recapitulate,re·ca·pit·u·late,ri·kə·pɪt·ju·lɪt
adhesion,ad·he·sion,æd·hi·ʒən
bifurcation,bi·fur·ca·tion,baɪ·fər·keɪ·ʃən
echelons,ech·e·lons,ɛk·ə·lɒnz
metriculous,met·ri·cu·lous,mɛt·rɪ·kjə·ləs
conflation,con·fla·tion,kən·fleɪ·ʃən
benediction,bene·dic·tion,bɛn·ɪk·ʃən
technocracy,tech·no·cra·cy,tɛk·nɒk·rə·si
opportune,op·por·tune,ɒp·pə·tjuːn
inter alia,in·ter·a·lia,ɪn·tər·eɪ·liə
ephemera,e·phem·e·ra,ɪ·fɛm·ə·rə
inextricable,in·ex·tric·a·ble,ɪn·ɛk·strɪk·ə·bəl
repercussion,re·per·cus·sion,riː·pər·ˈkʌʃ·ən
fallacy,fal·la·cy,fæl·ə·si
polemical,po·lem·i·cal,pə·lɛm·ɪ·kəl
axiology,ax·i·ol·o·gy,ˌæk·si·ɒl·ə·dʒi
simulacrum,sim·u·lac·rum,ˌsɪm·jə·leɪ·krəm
copious,co·pi·ous,ˈkoʊ·pi·əs
paradoxical,par·a·dox·i·cal,ˌpær·ə·ˈdɒk·sɪ·kəl
repidation,re·pi·da·tion,ˌrɛ·pɪ·ˈdeɪ·ʃən
sunny,sun·ny,sʌn·ni
eat,eat,it
big,big,bɪg
listen,lis·ten,lɪs·ən
tired,ti·red,taɪ·ərd
chair,chair,tʃɛr
quiet,qui·et,kwaɪ·ət
phone,phone,foʊn
car,car,kɑr
sell,sell,sɛl
play,play,pleɪ
school,school,skuːl
buy,buy,baɪ
hot,hot,hɑt
weather,wea·ther,wɛð·ər
music,mu·sic,mjuː·zɪk
night,night,naɪt
sad,sad,sæd
movie,mo·vie,muː·vi
thankful,thank·ful,θæŋk·fəl
day,day,deɪ
money,mon·ey,mʌn·i
rainy,rain·y,reɪ·ni
dark,dark,dɑrk
angry,an·gry,æŋ·ɡri
fun,fun,fʌn
drink,drink,drɪŋk
bicycle,bi·cy·cle,baɪ·sɪ·kəl
loud,loud,laʊd
light,light,laɪt
climate,cli·mate,klaɪ·mət
contribution,con·tri·bu·tion,kɒn·trɪ·bjuː·ʃən
inclusive,in·clu·sive,ɪn·kluː·sɪv
convenient,con·ve·nient,kən·viː·ənt
journal,jour·nal,dʒɜː·nəl
approach,ap·proach,əp·prəʊtʃ
participate,par·ti·ci·pate,pɑːr·tɪ·sɪ·peɪt
expertise,ex·per·tise,ɛk·spɜːr·tiːz
policy,pol·i·cy,ˈpɒl·ɪ·si
benefit,ben·e·fit,ˈbɛn·ɪ·fɪt
institute,in·sti·tute,ɪn·stɪ·tjuːt
visualize,vis·u·al·ize,ˈvɪz·uː·əl·aɪz
debate,de·bate,dɪ·beɪt
respond,re·spond,rɪ·spɒnd
frequent,fre·quent,friː·kwənt
expand,ex·pand,ɪk·spænd
industry,in·dus·try,ˈɪn·də·stri
monitor,mon·i·tor,ˈmɒn·ɪ·tər
performance evaluation,performance·evaluation,pərˈfɔːrməns·ɪˌvæljuˈeɪʃən
incentive,in·centive,ɪn·ˈsɛntɪv
value proposition,value·proposition,ˈvæljuː·ˌprɒpəˈzɪʃən
targeting,target·ing,ˈtɑːrɡɪt·ɪŋ
criteria,cri·teria,kraɪ·ˈtɪəriə
variance,var·iance,ˈvɛr·iəns
feedback,feed·back,fiːd·bæk
forecast,fore·cast,ˈfɔːr·kæst
market analysis,market·analysis,ˈmɑːrkɪt·əˈnæləsɪs
deliverable,deliver·able,dɪˈlɪvər·əbəl
brainstorming,brain·storming,ˈbreɪn·ˌstɔːrmɪŋ
agenda,a·gen·da,ə·ˈdʒɛn·də
return on investment (roi),return·on·investment,rɪˈtɜrn·ɒn·ɪnˈvɛstmənt
swot analysis,swot·analysis,swɒt·əˈnæləsɪs
due diligence,due·diligence,djuː·ˈdɪlɪdʒəns
quotes,quotes,kwəʊts
delegation,del·e·ga·tion,ˌdɛl·ɪ·ˈɡeɪ·ʃən
cost-benefit analysis,cost·benefit·analysis,kɔst·ˈbɛnɪfɪt·əˈnæləsɪs
confidentiality,confidential·ity,ˌkɒnfɪˈdɛnʃəl·ɪti
risk assessment,risk·assessment,rɪsk·əˈsɛsmənt
kpi,k·p·i,keɪ·pi·aɪ
roi,r·oi,r·ɔɪ
outcomes,out·comes,aʊt·kəmz
valuation,val·u·a·tion,væl·ju·ˈeɪ·ʃən
aggregation,ag·gre·ga·tion,æɡ·rə·ˈɡeɪ·ʃən
emerge,e·merge,ɪ·ˈmɜrdʒ
healthcare,health·care,hɛlθ·kɛr
partnership,part·ner·ship,pɑrt·ənər·ʃɪp
deliverables,de·liv·er·a·bles,dɪ·ˈlɪv·ər·ə·bəlz
educational,ed·u·ca·tion·al,ˌɛd·ʒʊ·ˈkeɪ·ʃən·əl
friends,friends,frɛndz
majority,ma·jo·ri·ty,mə·ˈdʒɔr·ɪ·ti
learn,learn,lɜrn
